# Blender v3.1.2 OBJ File: 'table.blend'
# www.blender.org
mtllib school table.mtl
o table_top_Plane
v 0.735807 1.840000 1.515484
v 0.736029 1.837029 1.520000
v 0.735964 1.839130 1.518677
v 0.757742 1.840000 1.471614
v 0.760000 1.837029 1.472059
v 0.759339 1.839130 1.471928
v 0.744322 1.840000 1.512097
v 0.745203 1.837029 1.516351
v 0.744945 1.839130 1.515105
v 0.751351 1.840000 1.502703
v 0.752979 1.837029 1.505958
v 0.752502 1.839130 1.505005
v 0.756049 1.840000 1.488643
v 0.758175 1.837029 1.490405
v 0.757552 1.839130 1.489889
v -0.757742 1.840000 1.471614
v -0.760000 1.837029 1.472059
v -0.759339 1.839130 1.471928
v -0.735807 1.840000 1.515484
v -0.736029 1.837029 1.520000
v -0.735964 1.839130 1.518677
v -0.756049 1.840000 1.488643
v -0.758175 1.837029 1.490405
v -0.757552 1.839130 1.489889
v -0.751351 1.840000 1.502703
v -0.752979 1.837029 1.505958
v -0.752502 1.839130 1.505005
v -0.744322 1.840000 1.512097
v -0.745203 1.837029 1.516351
v -0.744945 1.839130 1.515105
v 0.757742 1.840000 -1.471614
v 0.760000 1.837029 -1.472059
v 0.759339 1.839130 -1.471928
v 0.735807 1.840000 -1.515484
v 0.736029 1.837029 -1.520000
v 0.735964 1.839130 -1.518677
v 0.756049 1.840000 -1.488643
v 0.758175 1.837029 -1.490405
v 0.757552 1.839130 -1.489889
v 0.751351 1.840000 -1.502703
v 0.752979 1.837029 -1.505958
v 0.752502 1.839130 -1.505005
v 0.744322 1.840000 -1.512097
v 0.745203 1.837029 -1.516351
v 0.744945 1.839130 -1.515105
v -0.735807 1.840000 -1.515484
v -0.736029 1.837029 -1.520000
v -0.735964 1.839130 -1.518677
v -0.757742 1.840000 -1.471614
v -0.760000 1.837029 -1.472059
v -0.759339 1.839130 -1.471928
v -0.744322 1.840000 -1.512097
v -0.745203 1.837029 -1.516351
v -0.744945 1.839130 -1.515105
v -0.751351 1.840000 -1.502703
v -0.752979 1.837029 -1.505958
v -0.752502 1.839130 -1.505005
v -0.756049 1.840000 -1.488643
v -0.758175 1.837029 -1.490405
v -0.757552 1.839130 -1.489889
v 0.757742 1.780000 1.471614
v 0.760000 1.782971 1.472059
v 0.759339 1.780870 1.471928
v 0.735807 1.780000 1.515484
v 0.736029 1.782971 1.520000
v 0.735964 1.780870 1.518677
v 0.756049 1.780000 1.488643
v 0.758175 1.782971 1.490405
v 0.757552 1.780870 1.489889
v 0.751351 1.780000 1.502703
v 0.752979 1.782971 1.505958
v 0.752502 1.780870 1.505005
v 0.744322 1.780000 1.512097
v 0.745203 1.782971 1.516351
v 0.744945 1.780870 1.515105
v -0.735807 1.780000 1.515484
v -0.736029 1.782971 1.520000
v -0.735964 1.780870 1.518677
v -0.757742 1.780000 1.471614
v -0.760000 1.782971 1.472059
v -0.759339 1.780870 1.471928
v -0.744322 1.780000 1.512097
v -0.745203 1.782971 1.516351
v -0.744945 1.780870 1.515105
v -0.751351 1.780000 1.502703
v -0.752979 1.782971 1.505958
v -0.752502 1.780870 1.505005
v -0.756049 1.780000 1.488643
v -0.758175 1.782971 1.490405
v -0.757552 1.780870 1.489889
v 0.735807 1.780000 -1.515484
v 0.736029 1.782971 -1.520000
v 0.735964 1.780870 -1.518677
v 0.757742 1.780000 -1.471614
v 0.760000 1.782971 -1.472059
v 0.759339 1.780870 -1.471928
v 0.744322 1.780000 -1.512097
v 0.745203 1.782971 -1.516351
v 0.744945 1.780870 -1.515105
v 0.751351 1.780000 -1.502703
v 0.752979 1.782971 -1.505958
v 0.752502 1.780870 -1.505005
v 0.756049 1.780000 -1.488643
v 0.758175 1.782971 -1.490405
v 0.757552 1.780870 -1.489889
v -0.757742 1.780000 -1.471614
v -0.760000 1.782971 -1.472059
v -0.759339 1.780870 -1.471928
v -0.735807 1.780000 -1.515484
v -0.736029 1.782971 -1.520000
v -0.735964 1.780870 -1.518677
v -0.756049 1.780000 -1.488643
v -0.758175 1.782971 -1.490405
v -0.757552 1.780870 -1.489889
v -0.751351 1.780000 -1.502703
v -0.752979 1.782971 -1.505958
v -0.752502 1.780870 -1.505005
v -0.744322 1.780000 -1.512097
v -0.745203 1.782971 -1.516351
v -0.744945 1.780870 -1.515105
vt 0.067864 0.125792
vt 0.061153 0.124275
vt 0.061638 0.122877
vt 0.068214 0.124310
vt 0.007915 0.633705
vt 0.014999 0.632131
vt 0.015709 0.634355
vt 0.008344 0.636082
vt 0.016494 0.637046
vt 0.115844 0.992567
vt 0.108468 0.994827
vt 0.008982 0.638809
vt 0.066915 0.132622
vt 0.008794 0.493189
vt 0.001188 0.492362
vt 0.059432 0.131091
vt 0.067609 0.127584
vt 0.060589 0.126061
vt 0.067326 0.129878
vt 0.059990 0.128375
vt 0.110346 0.000274
vt 0.117196 0.003671
vt 0.115862 0.005252
vt 0.109689 0.002014
vt 0.109219 0.997539
vt 0.116669 0.995285
vt 0.117519 0.997565
vt 0.109862 0.999912
vt 0.115010 0.006586
vt 0.109122 0.003353
vt 0.008288 0.495988
vt 0.000832 0.495124
vt 0.007808 0.498308
vt 0.000639 0.497490
vt 0.118459 0.010167
vt 0.118857 0.007527
vt 0.119687 0.005361
vt 0.120899 0.003856
vt 0.122478 0.003292
vt 0.314289 0.000789
vt 0.315849 0.001321
vt 0.317065 0.002791
vt 0.317912 0.004924
vt 0.318337 0.007532
vt 0.318334 0.358820
vt 0.317935 0.361460
vt 0.317106 0.363626
vt 0.315894 0.365131
vt 0.314315 0.365694
vt 0.122503 0.368198
vt 0.120944 0.367667
vt 0.119727 0.366196
vt 0.118880 0.364063
vt 0.118455 0.361455
vt 0.007463 0.500115
vt 0.000571 0.499330
vt 0.007294 0.501626
vt 0.014166 0.628870
vt 0.007530 0.630340
vt 0.000536 0.500789
vt 0.007676 0.631828
vt 0.014474 0.630379
vt 0.067911 0.130148
vt 0.067554 0.132774
vt 0.067268 0.132693
vt 0.067644 0.129975
vt 0.318165 0.004709
vt 0.318629 0.007472
vt 0.059085 0.131043
vt 0.059654 0.128354
vt 0.068204 0.127985
vt 0.067921 0.127716
vt 0.317255 0.002403
vt 0.060242 0.126057
vt 0.068551 0.126274
vt 0.068194 0.125949
vt 0.315954 0.000779
vt 0.060784 0.124248
vt 0.069236 0.124788
vt 0.068644 0.124474
vt 0.314295 0.000089
vt 0.061204 0.122749
vt 0.118163 0.010108
vt 0.118600 0.007313
vt 0.108880 0.997575
vt 0.108122 0.994908
vt 0.116466 0.992332
vt 0.117203 0.994905
vt 0.116969 0.995127
vt 0.116190 0.992450
vt 0.119490 0.004971
vt 0.109505 0.999890
vt 0.117986 0.996976
vt 0.117795 0.997342
vt 0.120784 0.003309
vt 0.109398 0.001803
vt 0.110057 0.000089
vt 0.117986 0.003977
vt 0.116736 0.005456
vt 0.116225 0.005397
vt 0.117553 0.003861
vt 0.122456 0.002580
vt 0.108726 0.003157
vt 0.116094 0.006979
vt 0.115446 0.006780
vt 0.008277 0.499885
vt 0.008412 0.501508
vt 0.007756 0.501611
vt 0.007828 0.500075
vt 0.316008 0.365677
vt 0.314336 0.366406
vt 0.000089 0.500766
vt 0.000220 0.499231
vt 0.008516 0.498118
vt 0.008153 0.498284
vt 0.317302 0.364016
vt 0.000314 0.497379
vt 0.008946 0.495919
vt 0.008631 0.495998
vt 0.318193 0.361674
vt 0.000509 0.495035
vt 0.009466 0.493249
vt 0.009161 0.493234
vt 0.318629 0.358879
vt 0.000842 0.492297
vt 0.122498 0.368899
vt 0.120838 0.368208
vt 0.007326 0.631959
vt 0.007077 0.630406
vt 0.015308 0.628876
vt 0.015308 0.630530
vt 0.014842 0.630383
vt 0.014631 0.628839
vt 0.119538 0.366584
vt 0.007594 0.633849
vt 0.015713 0.632246
vt 0.015341 0.632120
vt 0.118628 0.364278
vt 0.008027 0.636204
vt 0.016360 0.634355
vt 0.016043 0.634309
vt 0.118163 0.361515
vt 0.008643 0.638912
vt 0.017144 0.636915
vt 0.016847 0.636962
vt 0.118163 0.371842
vt 0.118590 0.370768
vt 0.119775 0.369882
vt 0.121549 0.369289
vt 0.123697 0.369076
vt 0.494943 0.369076
vt 0.497091 0.369289
vt 0.498864 0.369882
vt 0.500049 0.370768
vt 0.500477 0.371843
vt 0.500477 0.557466
vt 0.500049 0.558540
vt 0.498864 0.559426
vt 0.497091 0.560019
vt 0.494943 0.560232
vt 0.123697 0.560232
vt 0.121549 0.560019
vt 0.119775 0.559426
vt 0.118590 0.558540
vt 0.118163 0.557466
vn -0.3696 0.0000 0.9292
vn 0.9485 0.0000 -0.3169
vn 1.0000 0.0000 0.0000
vn -1.0000 0.0000 0.0000
vn -0.8007 0.0000 0.5991
vn 0.9951 0.0000 -0.0990
vn -0.9485 0.0000 0.3169
vn 0.8007 0.0000 0.5991
vn -0.9951 0.0000 0.0990
vn 0.9485 0.0000 0.3169
vn -0.0000 0.0000 1.0000
vn -0.9951 0.0000 -0.0990
vn -0.9485 0.0000 -0.3169
vn -0.0000 -1.0000 0.0000
vn -0.8007 0.0000 -0.5991
vn -0.0000 0.0000 -1.0000
vn -0.3696 0.0000 -0.9292
vn 0.8007 0.0000 -0.5991
vn 0.3696 0.0000 -0.9292
vn 0.9951 0.0000 0.0990
vn -0.4709 0.8810 0.0468
vn -0.9479 0.3042 0.0943
vn -0.4709 -0.8809 0.0468
vn -0.9479 -0.3042 0.0943
vn -0.4089 0.9023 0.1366
vn -0.8927 0.3380 0.2982
vn -0.4089 -0.9023 0.1366
vn -0.8927 -0.3380 0.2982
vn -0.2832 0.9353 0.2120
vn -0.7291 0.4132 0.5456
vn -0.2833 -0.9353 0.2119
vn -0.7291 -0.4132 0.5456
vn -0.1022 0.9610 0.2569
vn -0.3174 0.5122 0.7980
vn -0.1022 -0.9610 0.2569
vn -0.3175 -0.5123 0.7980
vn 0.4709 -0.8810 0.0468
vn 0.9479 -0.3042 0.0943
vn 0.4709 0.8810 0.0468
vn 0.9479 0.3042 0.0943
vn 0.4089 -0.9023 0.1366
vn 0.8927 -0.3380 0.2982
vn 0.4089 0.9023 0.1366
vn 0.8927 0.3380 0.2982
vn 0.2832 -0.9353 0.2119
vn 0.7291 -0.4132 0.5456
vn 0.2832 0.9354 0.2119
vn 0.7291 0.4132 0.5456
vn 0.1022 -0.9610 0.2569
vn 0.3175 -0.5123 0.7980
vn 0.1022 0.9610 0.2568
vn 0.3174 0.5122 0.7980
vn -0.1022 0.9610 -0.2569
vn -0.3174 0.5122 -0.7980
vn -0.1022 -0.9610 -0.2569
vn -0.3175 -0.5123 -0.7980
vn -0.2832 0.9353 -0.2120
vn -0.7291 0.4132 -0.5456
vn -0.2833 -0.9353 -0.2119
vn -0.7291 -0.4132 -0.5456
vn -0.4089 0.9023 -0.1366
vn -0.8927 0.3380 -0.2982
vn -0.4089 -0.9023 -0.1366
vn -0.8927 -0.3380 -0.2982
vn -0.4709 0.8810 -0.0468
vn -0.9479 0.3042 -0.0943
vn -0.4709 -0.8809 -0.0468
vn -0.9479 -0.3042 -0.0943
vn 0.1022 -0.9610 -0.2569
vn 0.3175 -0.5123 -0.7980
vn 0.1022 0.9610 -0.2568
vn 0.3174 0.5122 -0.7980
vn 0.2832 -0.9353 -0.2120
vn 0.7291 -0.4132 -0.5456
vn 0.2832 0.9353 -0.2119
vn 0.7291 0.4132 -0.5456
vn 0.4089 -0.9023 -0.1366
vn 0.8927 -0.3380 -0.2982
vn 0.4089 0.9023 -0.1366
vn 0.8927 0.3380 -0.2982
vn 0.4709 -0.8810 -0.0468
vn 0.9479 -0.3042 -0.0943
vn 0.4709 0.8810 -0.0468
vn 0.9479 0.3042 -0.0943
vn 0.4785 0.8781 0.0000
vn 0.9539 0.3002 0.0000
vn 0.4785 -0.8781 0.0000
vn 0.9539 -0.3002 0.0000
vn 0.0000 0.5328 0.8463
vn 0.0000 0.9648 0.2629
vn 0.0000 0.5328 -0.8463
vn 0.0000 0.9648 -0.2629
vn -0.9539 0.3002 0.0000
vn -0.4785 0.8781 0.0000
vn -0.0000 -0.9648 0.2629
vn -0.0000 -0.5327 0.8463
vn -0.4786 -0.8780 0.0000
vn -0.9539 -0.3002 0.0000
vn -0.0000 -0.9648 -0.2629
vn -0.0000 -0.5327 -0.8463
vn 0.3696 0.0000 0.9292
vn 0.0000 1.0000 0.0000
g table_top_Plane_tableleg
usemtl tableleg
s off
f 29/1/1 83/2/1 77/3/1 20/4/1
f 101/5/2 41/6/2 38/7/2 104/8/2
f 32/9/3 5/10/3 62/11/3 95/12/3
f 17/13/4 50/14/4 107/15/4 80/16/4
f 26/17/5 86/18/5 83/2/5 29/1/5
f 104/8/6 38/7/6 32/9/6 95/12/6
f 23/19/7 89/20/7 86/18/7 26/17/7
f 71/21/8 11/22/8 8/23/8 74/24/8
f 17/13/9 80/16/9 89/20/9 23/19/9
f 68/25/10 14/26/10 11/27/10 71/28/10
f 2/29/11 20/4/11 77/3/11 65/30/11
f 59/31/12 113/32/12 107/15/12 50/14/12
f 56/33/13 116/34/13 113/32/13 59/31/13
f 61/35/14 67/36/14 70/37/14 73/38/14 64/39/14 76/40/14 82/41/14 85/42/14 88/43/14 79/44/14 106/45/14 112/46/14 115/47/14 118/48/14 109/49/14 91/50/14 97/51/14 100/52/14 103/53/14 94/54/14
f 53/55/15 119/56/15 116/34/15 56/33/15
f 47/57/16 35/58/16 92/59/16 110/60/16
f 47/57/17 110/60/17 119/56/17 53/55/17
f 98/61/18 44/62/18 41/6/18 101/5/18
f 92/59/19 35/58/19 44/62/19 98/61/19
f 62/11/20 5/10/20 14/26/20 68/25/20
f 22/63/21 16/64/21 18/65/21 24/66/21
f 24/66/22 18/65/22 17/13/22 23/19/22
f 79/44/23 88/43/23 90/67/23 81/68/23
f 81/69/24 90/70/24 89/20/24 80/16/24
f 25/71/25 22/63/25 24/66/25 27/72/25
f 27/72/26 24/66/26 23/19/26 26/17/26
f 88/43/27 85/42/27 87/73/27 90/67/27
f 90/70/28 87/74/28 86/18/28 89/20/28
f 28/75/29 25/71/29 27/72/29 30/76/29
f 30/76/30 27/72/30 26/17/30 29/1/30
f 85/42/31 82/41/31 84/77/31 87/73/31
f 87/74/32 84/78/32 83/2/32 86/18/32
f 19/79/33 28/75/33 30/76/33 21/80/33
f 21/80/34 30/76/34 29/1/34 20/4/34
f 82/41/35 76/40/35 78/81/35 84/77/35
f 84/78/36 78/82/36 77/3/36 83/2/36
f 67/36/37 61/35/37 63/83/37 69/84/37
f 69/85/38 63/86/38 62/11/38 68/25/38
f 4/87/39 13/88/39 15/89/39 6/90/39
f 6/90/40 15/89/40 14/26/40 5/10/40
f 70/37/41 67/36/41 69/84/41 72/91/41
f 72/92/42 69/85/42 68/25/42 71/28/42
f 13/88/43 10/93/43 12/94/43 15/89/43
f 15/89/44 12/94/44 11/27/44 14/26/44
f 73/38/45 70/37/45 72/91/45 75/95/45
f 75/96/46 72/97/46 71/21/46 74/24/46
f 10/98/47 7/99/47 9/100/47 12/101/47
f 12/101/48 9/100/48 8/23/48 11/22/48
f 64/39/49 73/38/49 75/95/49 66/102/49
f 66/103/50 75/96/50 74/24/50 65/30/50
f 7/99/51 1/104/51 3/105/51 9/100/51
f 9/100/52 3/105/52 2/29/52 8/23/52
f 52/106/53 46/107/53 48/108/53 54/109/53
f 54/109/54 48/108/54 47/57/54 53/55/54
f 109/49/55 118/48/55 120/110/55 111/111/55
f 111/112/56 120/113/56 119/56/56 110/60/56
f 55/114/57 52/106/57 54/109/57 57/115/57
f 57/115/58 54/109/58 53/55/58 56/33/58
f 118/48/59 115/47/59 117/116/59 120/110/59
f 120/113/60 117/117/60 116/34/60 119/56/60
f 58/118/61 55/114/61 57/115/61 60/119/61
f 60/119/62 57/115/62 56/33/62 59/31/62
f 115/47/63 112/46/63 114/120/63 117/116/63
f 117/117/64 114/121/64 113/32/64 116/34/64
f 49/122/65 58/118/65 60/119/65 51/123/65
f 51/123/66 60/119/66 59/31/66 50/14/66
f 112/46/67 106/45/67 108/124/67 114/120/67
f 114/121/68 108/125/68 107/15/68 113/32/68
f 97/51/69 91/50/69 93/126/69 99/127/69
f 99/128/70 93/129/70 92/59/70 98/61/70
f 34/130/71 43/131/71 45/132/71 36/133/71
f 36/133/72 45/132/72 44/62/72 35/58/72
f 100/52/73 97/51/73 99/127/73 102/134/73
f 102/135/74 99/128/74 98/61/74 101/5/74
f 43/131/75 40/136/75 42/137/75 45/132/75
f 45/132/76 42/137/76 41/6/76 44/62/76
f 103/53/77 100/52/77 102/134/77 105/138/77
f 105/139/78 102/135/78 101/5/78 104/8/78
f 40/136/79 37/140/79 39/141/79 42/137/79
f 42/137/80 39/141/80 38/7/80 41/6/80
f 94/54/81 103/53/81 105/138/81 96/142/81
f 96/143/82 105/139/82 104/8/82 95/12/82
f 37/140/83 31/144/83 33/145/83 39/141/83
f 39/141/84 33/145/84 32/9/84 38/7/84
f 31/144/85 4/87/85 6/90/85 33/145/85
f 33/145/86 6/90/86 5/10/86 32/9/86
f 61/35/87 94/54/87 96/142/87 63/83/87
f 63/86/88 96/143/88 95/12/88 62/11/88
f 20/4/89 2/29/89 3/105/89 21/80/89
f 21/80/90 3/105/90 1/104/90 19/79/90
f 35/58/91 47/57/91 48/108/91 36/133/91
f 36/133/92 48/108/92 46/107/92 34/130/92
f 50/14/93 17/13/93 18/65/93 51/123/93
f 51/123/94 18/65/94 16/64/94 49/122/94
f 76/40/95 64/39/95 66/102/95 78/81/95
f 78/82/96 66/103/96 65/30/96 77/3/96
f 106/45/97 79/44/97 81/68/97 108/124/97
f 108/125/98 81/69/98 80/16/98 107/15/98
f 91/50/99 109/49/99 111/111/99 93/126/99
f 93/129/100 111/112/100 110/60/100 92/59/100
f 74/24/101 8/23/101 2/29/101 65/30/101
g table_top_Plane_tabletop
usemtl tabletop
f 1/146/102 7/147/102 10/148/102 13/149/102 4/150/102 31/151/102 37/152/102 40/153/102 43/154/102 34/155/102 46/156/102 52/157/102 55/158/102 58/159/102 49/160/102 16/161/102 22/162/102 25/163/102 28/164/102 19/165/102
o table_table_legs
v -0.689119 1.780000 1.398305
v -0.679365 1.780000 1.399266
v -0.669985 1.780000 1.402111
v -0.661341 1.780000 1.406732
v -0.653764 1.780000 1.412950
v -0.647546 1.780000 1.420527
v -0.642925 1.780000 1.429171
v -0.640080 1.780000 1.438551
v -0.639119 1.780000 1.448305
v -0.640080 1.780000 1.458060
v -0.642925 1.780000 1.467440
v -0.647546 1.780000 1.476084
v -0.653764 1.780000 1.483661
v -0.661341 1.780000 1.489879
v -0.669985 1.780000 1.494499
v -0.679365 1.780000 1.497345
v -0.689119 1.780000 1.498305
v -0.698874 1.780000 1.497345
v -0.708253 1.780000 1.494499
v -0.716898 1.780000 1.489879
v -0.724474 1.780000 1.483661
v -0.730693 1.780000 1.476084
v -0.735313 1.780000 1.467440
v -0.738158 1.780000 1.458060
v -0.739119 1.780000 1.448305
v -0.738158 1.780000 1.438551
v -0.735313 1.780000 1.429171
v -0.730693 1.780000 1.420527
v -0.724474 1.780000 1.412950
v -0.716898 1.780000 1.406732
v -0.708253 1.780000 1.402111
v -0.698874 1.780000 1.399266
v -0.681337 -0.000000 1.409181
v -0.689119 0.000000 1.408414
v -0.673854 -0.000000 1.411451
v -0.666957 -0.000000 1.415137
v -0.660912 -0.000000 1.420098
v -0.655951 -0.000000 1.426143
v -0.652265 -0.000000 1.433040
v -0.649995 -0.000000 1.440523
v -0.649228 -0.000000 1.448305
v -0.649995 -0.000000 1.456088
v -0.652265 -0.000000 1.463571
v -0.655951 -0.000000 1.470468
v -0.660912 -0.000000 1.476513
v -0.666957 -0.000000 1.481473
v -0.673854 -0.000000 1.485160
v -0.681337 -0.000000 1.487430
v -0.689119 0.000000 1.488196
v -0.696902 0.000000 1.487430
v -0.704385 0.000000 1.485160
v -0.711281 0.000000 1.481473
v -0.717326 0.000000 1.476513
v -0.722287 0.000000 1.470468
v -0.725974 0.000000 1.463571
v -0.728244 0.000000 1.456088
v -0.729010 0.000000 1.448305
v -0.728244 0.000000 1.440523
v -0.725974 0.000000 1.433040
v -0.722287 0.000000 1.426143
v -0.717326 0.000000 1.420098
v -0.711281 0.000000 1.415137
v -0.704385 0.000000 1.411451
v -0.696902 0.000000 1.409181
v -0.679365 -0.000000 1.399266
v -0.689119 0.000000 1.398305
v -0.669985 -0.000000 1.402111
v -0.661341 -0.000000 1.406732
v -0.653764 -0.000000 1.412950
v -0.647546 -0.000000 1.420527
v -0.642925 -0.000000 1.429171
v -0.640080 -0.000000 1.438551
v -0.639119 -0.000000 1.448305
v -0.640080 -0.000000 1.458060
v -0.642925 -0.000000 1.467440
v -0.647546 -0.000000 1.476084
v -0.653764 -0.000000 1.483661
v -0.661341 -0.000000 1.489879
v -0.669985 -0.000000 1.494499
v -0.679365 -0.000000 1.497345
v -0.689119 0.000000 1.498305
v -0.698874 0.000000 1.497345
v -0.708253 0.000000 1.494499
v -0.716898 0.000000 1.489879
v -0.724475 0.000000 1.483661
v -0.730693 0.000000 1.476084
v -0.735313 0.000000 1.467440
v -0.738159 0.000000 1.458060
v -0.739119 0.000000 1.448305
v -0.738159 0.000000 1.438551
v -0.735313 0.000000 1.429171
v -0.730693 0.000000 1.420527
v -0.724475 0.000000 1.412950
v -0.716898 0.000000 1.406732
v -0.708253 0.000000 1.402111
v -0.698874 0.000000 1.399266
v -0.681337 -0.000000 1.409181
v -0.689119 0.000000 1.408414
v -0.673854 -0.000000 1.411451
v -0.666957 -0.000000 1.415137
v -0.660912 -0.000000 1.420098
v -0.655951 -0.000000 1.426143
v -0.652265 -0.000000 1.433040
v -0.649995 -0.000000 1.440523
v -0.649228 -0.000000 1.448305
v -0.649995 -0.000000 1.456088
v -0.652265 -0.000000 1.463571
v -0.655951 -0.000000 1.470468
v -0.660912 -0.000000 1.476513
v -0.666957 -0.000000 1.481473
v -0.673854 -0.000000 1.485160
v -0.681337 -0.000000 1.487430
v -0.689119 0.000000 1.488196
v -0.696902 0.000000 1.487430
v -0.704385 0.000000 1.485160
v -0.711281 0.000000 1.481473
v -0.717326 0.000000 1.476513
v -0.722287 0.000000 1.470468
v -0.725974 0.000000 1.463571
v -0.728244 0.000000 1.456088
v -0.729010 0.000000 1.448305
v -0.728244 0.000000 1.440523
v -0.725974 0.000000 1.433040
v -0.722287 0.000000 1.426143
v -0.717326 0.000000 1.420098
v -0.711281 0.000000 1.415137
v -0.704385 0.000000 1.411451
v -0.696902 0.000000 1.409181
v -0.681337 0.020000 1.409181
v -0.689119 0.020000 1.408414
v -0.673854 0.020000 1.411451
v -0.666957 0.020000 1.415137
v -0.660912 0.020000 1.420098
v -0.655951 0.020000 1.426143
v -0.652265 0.020000 1.433040
v -0.649995 0.020000 1.440523
v -0.649228 0.020000 1.448305
v -0.649995 0.020000 1.456088
v -0.652265 0.020000 1.463571
v -0.655951 0.020000 1.470468
v -0.660912 0.020000 1.476513
v -0.666957 0.020000 1.481473
v -0.673854 0.020000 1.485160
v -0.681337 0.020000 1.487430
v -0.689119 0.020000 1.488196
v -0.696902 0.020000 1.487430
v -0.704385 0.020000 1.485160
v -0.711281 0.020000 1.481473
v -0.717326 0.020000 1.476513
v -0.722287 0.020000 1.470468
v -0.725974 0.020000 1.463571
v -0.728244 0.020000 1.456088
v -0.729010 0.020000 1.448305
v -0.728244 0.020000 1.440523
v -0.725974 0.020000 1.433040
v -0.722287 0.020000 1.426143
v -0.717326 0.020000 1.420098
v -0.711281 0.020000 1.415137
v -0.704385 0.020000 1.411451
v -0.696902 0.020000 1.409181
v 0.689119 1.780000 1.398305
v 0.679365 1.780000 1.399266
v 0.669985 1.780000 1.402111
v 0.661341 1.780000 1.406732
v 0.653764 1.780000 1.412950
v 0.647546 1.780000 1.420527
v 0.642925 1.780000 1.429171
v 0.640080 1.780000 1.438551
v 0.639119 1.780000 1.448305
v 0.640080 1.780000 1.458060
v 0.642925 1.780000 1.467440
v 0.647546 1.780000 1.476084
v 0.653764 1.780000 1.483661
v 0.661341 1.780000 1.489879
v 0.669985 1.780000 1.494499
v 0.679365 1.780000 1.497345
v 0.689119 1.780000 1.498305
v 0.698874 1.780000 1.497345
v 0.708253 1.780000 1.494499
v 0.716898 1.780000 1.489879
v 0.724474 1.780000 1.483661
v 0.730693 1.780000 1.476084
v 0.735313 1.780000 1.467440
v 0.738158 1.780000 1.458060
v 0.739119 1.780000 1.448305
v 0.738158 1.780000 1.438551
v 0.735313 1.780000 1.429171
v 0.730693 1.780000 1.420527
v 0.724474 1.780000 1.412950
v 0.716898 1.780000 1.406732
v 0.708253 1.780000 1.402111
v 0.698874 1.780000 1.399266
v 0.681337 -0.000000 1.409181
v 0.689119 -0.000000 1.408414
v 0.673853 -0.000000 1.411451
v 0.666957 -0.000000 1.415137
v 0.660912 -0.000000 1.420098
v 0.655951 -0.000000 1.426143
v 0.652265 -0.000000 1.433040
v 0.649994 -0.000000 1.440523
v 0.649228 -0.000000 1.448305
v 0.649994 -0.000000 1.456088
v 0.652265 -0.000000 1.463571
v 0.655951 -0.000000 1.470468
v 0.660912 -0.000000 1.476513
v 0.666957 -0.000000 1.481473
v 0.673853 -0.000000 1.485160
v 0.681337 -0.000000 1.487430
v 0.689119 -0.000000 1.488196
v 0.696901 -0.000000 1.487430
v 0.704385 -0.000000 1.485160
v 0.711281 -0.000000 1.481473
v 0.717326 -0.000000 1.476513
v 0.722287 -0.000000 1.470468
v 0.725973 -0.000000 1.463571
v 0.728243 -0.000000 1.456088
v 0.729010 -0.000000 1.448305
v 0.728243 -0.000000 1.440523
v 0.725973 -0.000000 1.433040
v 0.722287 -0.000000 1.426143
v 0.717326 -0.000000 1.420098
v 0.711281 -0.000000 1.415137
v 0.704385 -0.000000 1.411451
v 0.696901 -0.000000 1.409181
v 0.679364 -0.000000 1.399266
v 0.689119 -0.000000 1.398305
v 0.669985 -0.000000 1.402111
v 0.661340 -0.000000 1.406732
v 0.653764 -0.000000 1.412950
v 0.647545 -0.000000 1.420527
v 0.642925 -0.000000 1.429171
v 0.640080 -0.000000 1.438551
v 0.639119 -0.000000 1.448305
v 0.640080 -0.000000 1.458060
v 0.642925 -0.000000 1.467440
v 0.647545 -0.000000 1.476084
v 0.653764 -0.000000 1.483661
v 0.661340 -0.000000 1.489879
v 0.669985 -0.000000 1.494499
v 0.679364 -0.000000 1.497345
v 0.689119 -0.000000 1.498305
v 0.698873 -0.000000 1.497345
v 0.708253 -0.000000 1.494499
v 0.716897 -0.000000 1.489879
v 0.724474 -0.000000 1.483661
v 0.730692 -0.000000 1.476084
v 0.735313 -0.000000 1.467440
v 0.738158 -0.000000 1.458060
v 0.739119 -0.000000 1.448305
v 0.738158 -0.000000 1.438551
v 0.735313 -0.000000 1.429171
v 0.730692 -0.000000 1.420527
v 0.724474 -0.000000 1.412950
v 0.716897 -0.000000 1.406732
v 0.708253 -0.000000 1.402111
v 0.698873 -0.000000 1.399266
v 0.681337 -0.000000 1.409181
v 0.689119 -0.000000 1.408414
v 0.673853 -0.000000 1.411451
v 0.666957 -0.000000 1.415137
v 0.660912 -0.000000 1.420098
v 0.655951 -0.000000 1.426143
v 0.652265 -0.000000 1.433040
v 0.649994 -0.000000 1.440523
v 0.649228 -0.000000 1.448305
v 0.649994 -0.000000 1.456088
v 0.652265 -0.000000 1.463571
v 0.655951 -0.000000 1.470468
v 0.660912 -0.000000 1.476513
v 0.666957 -0.000000 1.481473
v 0.673853 -0.000000 1.485160
v 0.681337 -0.000000 1.487430
v 0.689119 -0.000000 1.488196
v 0.696901 -0.000000 1.487430
v 0.704385 -0.000000 1.485160
v 0.711281 -0.000000 1.481473
v 0.717326 -0.000000 1.476513
v 0.722287 -0.000000 1.470468
v 0.725973 -0.000000 1.463571
v 0.728243 -0.000000 1.456088
v 0.729010 -0.000000 1.448305
v 0.728243 -0.000000 1.440523
v 0.725973 -0.000000 1.433040
v 0.722287 -0.000000 1.426143
v 0.717326 -0.000000 1.420098
v 0.711281 -0.000000 1.415137
v 0.704385 -0.000000 1.411451
v 0.696901 -0.000000 1.409181
v 0.681337 0.020000 1.409181
v 0.689119 0.020000 1.408414
v 0.673853 0.020000 1.411451
v 0.666957 0.020000 1.415137
v 0.660912 0.020000 1.420098
v 0.655951 0.020000 1.426143
v 0.652265 0.020000 1.433040
v 0.649994 0.020000 1.440523
v 0.649228 0.020000 1.448305
v 0.649994 0.020000 1.456088
v 0.652265 0.020000 1.463571
v 0.655951 0.020000 1.470468
v 0.660912 0.020000 1.476513
v 0.666957 0.020000 1.481473
v 0.673853 0.020000 1.485160
v 0.681337 0.020000 1.487430
v 0.689119 0.020000 1.488196
v 0.696901 0.020000 1.487430
v 0.704385 0.020000 1.485160
v 0.711281 0.020000 1.481473
v 0.717326 0.020000 1.476513
v 0.722287 0.020000 1.470468
v 0.725973 0.020000 1.463571
v 0.728243 0.020000 1.456088
v 0.729010 0.020000 1.448305
v 0.728243 0.020000 1.440523
v 0.725973 0.020000 1.433040
v 0.722287 0.020000 1.426143
v 0.717326 0.020000 1.420098
v 0.711281 0.020000 1.415137
v 0.704385 0.020000 1.411451
v 0.696901 0.020000 1.409181
v 0.689119 1.780000 1.398305
v 0.679365 1.780000 1.399266
v 0.669985 1.780000 1.402111
v 0.661341 1.780000 1.406732
v 0.653764 1.780000 1.412950
v 0.647546 1.780000 1.420527
v 0.642925 1.780000 1.429171
v 0.640080 1.780000 1.438551
v 0.639119 1.780000 1.448305
v 0.640080 1.780000 1.458060
v 0.642925 1.780000 1.467440
v 0.647546 1.780000 1.476084
v 0.653764 1.780000 1.483661
v 0.661341 1.780000 1.489879
v 0.669985 1.780000 1.494499
v 0.679365 1.780000 1.497345
v 0.689119 1.780000 1.498305
v 0.698874 1.780000 1.497345
v 0.708253 1.780000 1.494499
v 0.716898 1.780000 1.489879
v 0.724474 1.780000 1.483661
v 0.730693 1.780000 1.476084
v 0.735313 1.780000 1.467440
v 0.738158 1.780000 1.458060
v 0.739119 1.780000 1.448305
v 0.738158 1.780000 1.438551
v 0.735313 1.780000 1.429171
v 0.730693 1.780000 1.420527
v 0.724474 1.780000 1.412950
v 0.716898 1.780000 1.406732
v 0.708253 1.780000 1.402111
v 0.698874 1.780000 1.399266
v 0.681337 -0.000000 1.409181
v 0.689119 -0.000000 1.408414
v 0.673853 -0.000000 1.411451
v 0.666957 -0.000000 1.415137
v 0.660912 -0.000000 1.420098
v 0.655951 -0.000000 1.426143
v 0.652265 -0.000000 1.433040
v 0.649994 -0.000000 1.440523
v 0.649228 -0.000000 1.448305
v 0.649994 -0.000000 1.456088
v 0.652265 -0.000000 1.463571
v 0.655951 -0.000000 1.470468
v 0.660912 -0.000000 1.476513
v 0.666957 -0.000000 1.481473
v 0.673853 -0.000000 1.485160
v 0.681337 -0.000000 1.487430
v 0.689119 -0.000000 1.488196
v 0.696901 -0.000000 1.487430
v 0.704385 -0.000000 1.485160
v 0.711281 -0.000000 1.481473
v 0.717326 -0.000000 1.476513
v 0.722287 -0.000000 1.470468
v 0.725973 -0.000000 1.463571
v 0.728243 -0.000000 1.456088
v 0.729010 -0.000000 1.448305
v 0.728243 -0.000000 1.440523
v 0.725973 -0.000000 1.433040
v 0.722287 -0.000000 1.426143
v 0.717326 -0.000000 1.420098
v 0.711281 -0.000000 1.415137
v 0.704385 -0.000000 1.411451
v 0.696901 -0.000000 1.409181
v 0.679364 -0.000000 1.399266
v 0.689119 -0.000000 1.398305
v 0.669985 -0.000000 1.402111
v 0.661340 -0.000000 1.406732
v 0.653764 -0.000000 1.412950
v 0.647545 -0.000000 1.420527
v 0.642925 -0.000000 1.429171
v 0.640080 -0.000000 1.438551
v 0.639119 -0.000000 1.448305
v 0.640080 -0.000000 1.458060
v 0.642925 -0.000000 1.467440
v 0.647545 -0.000000 1.476084
v 0.653764 -0.000000 1.483661
v 0.661340 -0.000000 1.489879
v 0.669985 -0.000000 1.494499
v 0.679364 -0.000000 1.497345
v 0.689119 -0.000000 1.498305
v 0.698873 -0.000000 1.497345
v 0.708253 -0.000000 1.494499
v 0.716897 -0.000000 1.489879
v 0.724474 -0.000000 1.483661
v 0.730692 -0.000000 1.476084
v 0.735313 -0.000000 1.467440
v 0.738158 -0.000000 1.458060
v 0.739119 -0.000000 1.448305
v 0.738158 -0.000000 1.438551
v 0.735313 -0.000000 1.429171
v 0.730692 -0.000000 1.420527
v 0.724474 -0.000000 1.412950
v 0.716897 -0.000000 1.406732
v 0.708253 -0.000000 1.402111
v 0.698873 -0.000000 1.399266
v 0.681337 -0.000000 1.409181
v 0.689119 -0.000000 1.408414
v 0.673853 -0.000000 1.411451
v 0.666957 -0.000000 1.415137
v 0.660912 -0.000000 1.420098
v 0.655951 -0.000000 1.426143
v 0.652265 -0.000000 1.433040
v 0.649994 -0.000000 1.440523
v 0.649228 -0.000000 1.448305
v 0.649994 -0.000000 1.456088
v 0.652265 -0.000000 1.463571
v 0.655951 -0.000000 1.470468
v 0.660912 -0.000000 1.476513
v 0.666957 -0.000000 1.481473
v 0.673853 -0.000000 1.485160
v 0.681337 -0.000000 1.487430
v 0.689119 -0.000000 1.488196
v 0.696901 -0.000000 1.487430
v 0.704385 -0.000000 1.485160
v 0.711281 -0.000000 1.481473
v 0.717326 -0.000000 1.476513
v 0.722287 -0.000000 1.470468
v 0.725973 -0.000000 1.463571
v 0.728243 -0.000000 1.456088
v 0.729010 -0.000000 1.448305
v 0.728243 -0.000000 1.440523
v 0.725973 -0.000000 1.433040
v 0.722287 -0.000000 1.426143
v 0.717326 -0.000000 1.420098
v 0.711281 -0.000000 1.415137
v 0.704385 -0.000000 1.411451
v 0.696901 -0.000000 1.409181
v 0.681337 0.020000 1.409181
v 0.689119 0.020000 1.408414
v 0.673853 0.020000 1.411451
v 0.666957 0.020000 1.415137
v 0.660912 0.020000 1.420098
v 0.655951 0.020000 1.426143
v 0.652265 0.020000 1.433040
v 0.649994 0.020000 1.440523
v 0.649228 0.020000 1.448305
v 0.649994 0.020000 1.456088
v 0.652265 0.020000 1.463571
v 0.655951 0.020000 1.470468
v 0.660912 0.020000 1.476513
v 0.666957 0.020000 1.481473
v 0.673853 0.020000 1.485160
v 0.681337 0.020000 1.487430
v 0.689119 0.020000 1.488196
v 0.696901 0.020000 1.487430
v 0.704385 0.020000 1.485160
v 0.711281 0.020000 1.481473
v 0.717326 0.020000 1.476513
v 0.722287 0.020000 1.470468
v 0.725973 0.020000 1.463571
v 0.728243 0.020000 1.456088
v 0.729010 0.020000 1.448305
v 0.728243 0.020000 1.440523
v 0.725973 0.020000 1.433040
v 0.722287 0.020000 1.426143
v 0.717326 0.020000 1.420098
v 0.711281 0.020000 1.415137
v 0.704385 0.020000 1.411451
v 0.696901 0.020000 1.409181
v -0.689119 1.780000 1.398305
v -0.679365 1.780000 1.399266
v -0.669985 1.780000 1.402111
v -0.661341 1.780000 1.406732
v -0.653764 1.780000 1.412950
v -0.647546 1.780000 1.420527
v -0.642925 1.780000 1.429171
v -0.640080 1.780000 1.438551
v -0.639119 1.780000 1.448305
v -0.640080 1.780000 1.458060
v -0.642925 1.780000 1.467440
v -0.647546 1.780000 1.476084
v -0.653764 1.780000 1.483661
v -0.661341 1.780000 1.489879
v -0.669985 1.780000 1.494499
v -0.679365 1.780000 1.497345
v -0.689119 1.780000 1.498305
v -0.698874 1.780000 1.497345
v -0.708253 1.780000 1.494499
v -0.716898 1.780000 1.489879
v -0.724474 1.780000 1.483661
v -0.730693 1.780000 1.476084
v -0.735313 1.780000 1.467440
v -0.738158 1.780000 1.458060
v -0.739119 1.780000 1.448305
v -0.738158 1.780000 1.438551
v -0.735313 1.780000 1.429171
v -0.730693 1.780000 1.420527
v -0.724474 1.780000 1.412950
v -0.716898 1.780000 1.406732
v -0.708253 1.780000 1.402111
v -0.698874 1.780000 1.399266
v -0.681337 -0.000000 1.409181
v -0.689119 0.000000 1.408414
v -0.673854 -0.000000 1.411451
v -0.666957 -0.000000 1.415137
v -0.660912 -0.000000 1.420098
v -0.655951 -0.000000 1.426143
v -0.652265 -0.000000 1.433040
v -0.649995 -0.000000 1.440523
v -0.649228 -0.000000 1.448305
v -0.649995 -0.000000 1.456088
v -0.652265 -0.000000 1.463571
v -0.655951 -0.000000 1.470468
v -0.660912 -0.000000 1.476513
v -0.666957 -0.000000 1.481473
v -0.673854 -0.000000 1.485160
v -0.681337 -0.000000 1.487430
v -0.689119 0.000000 1.488196
v -0.696902 0.000000 1.487430
v -0.704385 0.000000 1.485160
v -0.711281 0.000000 1.481473
v -0.717326 0.000000 1.476513
v -0.722287 0.000000 1.470468
v -0.725974 0.000000 1.463571
v -0.728244 0.000000 1.456088
v -0.729010 0.000000 1.448305
v -0.728244 0.000000 1.440523
v -0.725974 0.000000 1.433040
v -0.722287 0.000000 1.426143
v -0.717326 0.000000 1.420098
v -0.711281 0.000000 1.415137
v -0.704385 0.000000 1.411451
v -0.696902 0.000000 1.409181
v -0.679365 -0.000000 1.399266
v -0.689119 0.000000 1.398305
v -0.669985 -0.000000 1.402111
v -0.661341 -0.000000 1.406732
v -0.653764 -0.000000 1.412950
v -0.647546 -0.000000 1.420527
v -0.642925 -0.000000 1.429171
v -0.640080 -0.000000 1.438551
v -0.639119 -0.000000 1.448305
v -0.640080 -0.000000 1.458060
v -0.642925 -0.000000 1.467440
v -0.647546 -0.000000 1.476084
v -0.653764 -0.000000 1.483661
v -0.661341 -0.000000 1.489879
v -0.669985 -0.000000 1.494499
v -0.679365 -0.000000 1.497345
v -0.689119 0.000000 1.498305
v -0.698874 0.000000 1.497345
v -0.708253 0.000000 1.494499
v -0.716898 0.000000 1.489879
v -0.724475 0.000000 1.483661
v -0.730693 0.000000 1.476084
v -0.735313 0.000000 1.467440
v -0.738159 0.000000 1.458060
v -0.739119 0.000000 1.448305
v -0.738159 0.000000 1.438551
v -0.735313 0.000000 1.429171
v -0.730693 0.000000 1.420527
v -0.724475 0.000000 1.412950
v -0.716898 0.000000 1.406732
v -0.708253 0.000000 1.402111
v -0.698874 0.000000 1.399266
v -0.681337 -0.000000 1.409181
v -0.689119 0.000000 1.408414
v -0.673854 -0.000000 1.411451
v -0.666957 -0.000000 1.415137
v -0.660912 -0.000000 1.420098
v -0.655951 -0.000000 1.426143
v -0.652265 -0.000000 1.433040
v -0.649995 -0.000000 1.440523
v -0.649228 -0.000000 1.448305
v -0.649995 -0.000000 1.456088
v -0.652265 -0.000000 1.463571
v -0.655951 -0.000000 1.470468
v -0.660912 -0.000000 1.476513
v -0.666957 -0.000000 1.481473
v -0.673854 -0.000000 1.485160
v -0.681337 -0.000000 1.487430
v -0.689119 0.000000 1.488196
v -0.696902 0.000000 1.487430
v -0.704385 0.000000 1.485160
v -0.711281 0.000000 1.481473
v -0.717326 0.000000 1.476513
v -0.722287 0.000000 1.470468
v -0.725974 0.000000 1.463571
v -0.728244 0.000000 1.456088
v -0.729010 0.000000 1.448305
v -0.728244 0.000000 1.440523
v -0.725974 0.000000 1.433040
v -0.722287 0.000000 1.426143
v -0.717326 0.000000 1.420098
v -0.711281 0.000000 1.415137
v -0.704385 0.000000 1.411451
v -0.696902 0.000000 1.409181
v -0.681337 0.020000 1.409181
v -0.689119 0.020000 1.408414
v -0.673854 0.020000 1.411451
v -0.666957 0.020000 1.415137
v -0.660912 0.020000 1.420098
v -0.655951 0.020000 1.426143
v -0.652265 0.020000 1.433040
v -0.649995 0.020000 1.440523
v -0.649228 0.020000 1.448305
v -0.649995 0.020000 1.456088
v -0.652265 0.020000 1.463571
v -0.655951 0.020000 1.470468
v -0.660912 0.020000 1.476513
v -0.666957 0.020000 1.481473
v -0.673854 0.020000 1.485160
v -0.681337 0.020000 1.487430
v -0.689119 0.020000 1.488196
v -0.696902 0.020000 1.487430
v -0.704385 0.020000 1.485160
v -0.711281 0.020000 1.481473
v -0.717326 0.020000 1.476513
v -0.722287 0.020000 1.470468
v -0.725974 0.020000 1.463571
v -0.728244 0.020000 1.456088
v -0.729010 0.020000 1.448305
v -0.728244 0.020000 1.440523
v -0.725974 0.020000 1.433040
v -0.722287 0.020000 1.426143
v -0.717326 0.020000 1.420098
v -0.711281 0.020000 1.415137
v -0.704385 0.020000 1.411451
v -0.696902 0.020000 1.409181
v -0.689119 1.780000 -1.398305
v -0.679365 1.780000 -1.399266
v -0.669985 1.780000 -1.402111
v -0.661341 1.780000 -1.406732
v -0.653764 1.780000 -1.412950
v -0.647546 1.780000 -1.420527
v -0.642925 1.780000 -1.429171
v -0.640080 1.780000 -1.438551
v -0.639119 1.780000 -1.448305
v -0.640080 1.780000 -1.458060
v -0.642925 1.780000 -1.467440
v -0.647546 1.780000 -1.476084
v -0.653764 1.780000 -1.483661
v -0.661341 1.780000 -1.489879
v -0.669985 1.780000 -1.494499
v -0.679365 1.780000 -1.497345
v -0.689119 1.780000 -1.498305
v -0.698874 1.780000 -1.497345
v -0.708253 1.780000 -1.494499
v -0.716898 1.780000 -1.489879
v -0.724474 1.780000 -1.483661
v -0.730693 1.780000 -1.476084
v -0.735313 1.780000 -1.467440
v -0.738158 1.780000 -1.458060
v -0.739119 1.780000 -1.448305
v -0.738158 1.780000 -1.438551
v -0.735313 1.780000 -1.429171
v -0.730693 1.780000 -1.420527
v -0.724474 1.780000 -1.412950
v -0.716898 1.780000 -1.406732
v -0.708253 1.780000 -1.402111
v -0.698874 1.780000 -1.399266
v -0.681337 -0.000000 -1.409181
v -0.689119 0.000000 -1.408414
v -0.673854 -0.000000 -1.411451
v -0.666957 -0.000000 -1.415137
v -0.660912 -0.000000 -1.420098
v -0.655951 -0.000000 -1.426143
v -0.652265 -0.000000 -1.433040
v -0.649995 -0.000000 -1.440523
v -0.649228 -0.000000 -1.448305
v -0.649995 -0.000000 -1.456088
v -0.652265 -0.000000 -1.463571
v -0.655951 -0.000000 -1.470468
v -0.660912 -0.000000 -1.476513
v -0.666957 -0.000000 -1.481473
v -0.673854 -0.000000 -1.485160
v -0.681337 -0.000000 -1.487430
v -0.689119 0.000000 -1.488196
v -0.696902 0.000000 -1.487430
v -0.704385 0.000000 -1.485160
v -0.711281 0.000000 -1.481473
v -0.717326 0.000000 -1.476513
v -0.722287 0.000000 -1.470468
v -0.725974 0.000000 -1.463571
v -0.728244 0.000000 -1.456088
v -0.729010 0.000000 -1.448305
v -0.728244 0.000000 -1.440523
v -0.725974 0.000000 -1.433040
v -0.722287 0.000000 -1.426143
v -0.717326 0.000000 -1.420098
v -0.711281 0.000000 -1.415137
v -0.704385 0.000000 -1.411451
v -0.696902 0.000000 -1.409181
v -0.679365 -0.000000 -1.399266
v -0.689119 0.000000 -1.398305
v -0.669985 -0.000000 -1.402111
v -0.661341 -0.000000 -1.406732
v -0.653764 -0.000000 -1.412950
v -0.647546 -0.000000 -1.420527
v -0.642925 -0.000000 -1.429171
v -0.640080 -0.000000 -1.438551
v -0.639119 -0.000000 -1.448305
v -0.640080 -0.000000 -1.458060
v -0.642925 -0.000000 -1.467440
v -0.647546 -0.000000 -1.476084
v -0.653764 -0.000000 -1.483661
v -0.661341 -0.000000 -1.489879
v -0.669985 -0.000000 -1.494499
v -0.679365 -0.000000 -1.497345
v -0.689119 0.000000 -1.498305
v -0.698874 0.000000 -1.497345
v -0.708253 0.000000 -1.494499
v -0.716898 0.000000 -1.489879
v -0.724475 0.000000 -1.483661
v -0.730693 0.000000 -1.476084
v -0.735313 0.000000 -1.467440
v -0.738159 0.000000 -1.458060
v -0.739119 0.000000 -1.448305
v -0.738159 0.000000 -1.438551
v -0.735313 0.000000 -1.429171
v -0.730693 0.000000 -1.420527
v -0.724475 0.000000 -1.412950
v -0.716898 0.000000 -1.406732
v -0.708253 0.000000 -1.402111
v -0.698874 0.000000 -1.399266
v -0.681337 -0.000000 -1.409181
v -0.689119 0.000000 -1.408414
v -0.673854 -0.000000 -1.411451
v -0.666957 -0.000000 -1.415137
v -0.660912 -0.000000 -1.420098
v -0.655951 -0.000000 -1.426143
v -0.652265 -0.000000 -1.433040
v -0.649995 -0.000000 -1.440523
v -0.649228 -0.000000 -1.448305
v -0.649995 -0.000000 -1.456088
v -0.652265 -0.000000 -1.463571
v -0.655951 -0.000000 -1.470468
v -0.660912 -0.000000 -1.476513
v -0.666957 -0.000000 -1.481473
v -0.673854 -0.000000 -1.485160
v -0.681337 -0.000000 -1.487430
v -0.689119 0.000000 -1.488196
v -0.696902 0.000000 -1.487430
v -0.704385 0.000000 -1.485160
v -0.711281 0.000000 -1.481473
v -0.717326 0.000000 -1.476513
v -0.722287 0.000000 -1.470468
v -0.725974 0.000000 -1.463571
v -0.728244 0.000000 -1.456088
v -0.729010 0.000000 -1.448305
v -0.728244 0.000000 -1.440523
v -0.725974 0.000000 -1.433040
v -0.722287 0.000000 -1.426143
v -0.717326 0.000000 -1.420098
v -0.711281 0.000000 -1.415137
v -0.704385 0.000000 -1.411451
v -0.696902 0.000000 -1.409181
v -0.681337 0.020000 -1.409181
v -0.689119 0.020000 -1.408414
v -0.673854 0.020000 -1.411451
v -0.666957 0.020000 -1.415137
v -0.660912 0.020000 -1.420098
v -0.655951 0.020000 -1.426143
v -0.652265 0.020000 -1.433040
v -0.649995 0.020000 -1.440523
v -0.649228 0.020000 -1.448305
v -0.649995 0.020000 -1.456088
v -0.652265 0.020000 -1.463571
v -0.655951 0.020000 -1.470468
v -0.660912 0.020000 -1.476513
v -0.666957 0.020000 -1.481473
v -0.673854 0.020000 -1.485160
v -0.681337 0.020000 -1.487430
v -0.689119 0.020000 -1.488196
v -0.696902 0.020000 -1.487430
v -0.704385 0.020000 -1.485160
v -0.711281 0.020000 -1.481473
v -0.717326 0.020000 -1.476513
v -0.722287 0.020000 -1.470468
v -0.725974 0.020000 -1.463571
v -0.728244 0.020000 -1.456088
v -0.729010 0.020000 -1.448305
v -0.728244 0.020000 -1.440523
v -0.725974 0.020000 -1.433040
v -0.722287 0.020000 -1.426143
v -0.717326 0.020000 -1.420098
v -0.711281 0.020000 -1.415137
v -0.704385 0.020000 -1.411451
v -0.696902 0.020000 -1.409181
v 0.689119 1.780000 -1.398305
v 0.679365 1.780000 -1.399266
v 0.669985 1.780000 -1.402111
v 0.661341 1.780000 -1.406732
v 0.653764 1.780000 -1.412950
v 0.647546 1.780000 -1.420527
v 0.642925 1.780000 -1.429171
v 0.640080 1.780000 -1.438551
v 0.639119 1.780000 -1.448305
v 0.640080 1.780000 -1.458060
v 0.642925 1.780000 -1.467440
v 0.647546 1.780000 -1.476084
v 0.653764 1.780000 -1.483661
v 0.661341 1.780000 -1.489879
v 0.669985 1.780000 -1.494499
v 0.679365 1.780000 -1.497345
v 0.689119 1.780000 -1.498305
v 0.698874 1.780000 -1.497345
v 0.708253 1.780000 -1.494499
v 0.716898 1.780000 -1.489879
v 0.724474 1.780000 -1.483661
v 0.730693 1.780000 -1.476084
v 0.735313 1.780000 -1.467440
v 0.738158 1.780000 -1.458060
v 0.739119 1.780000 -1.448305
v 0.738158 1.780000 -1.438551
v 0.735313 1.780000 -1.429171
v 0.730693 1.780000 -1.420527
v 0.724474 1.780000 -1.412950
v 0.716898 1.780000 -1.406732
v 0.708253 1.780000 -1.402111
v 0.698874 1.780000 -1.399266
v 0.681337 -0.000000 -1.409181
v 0.689119 -0.000000 -1.408414
v 0.673853 -0.000000 -1.411451
v 0.666957 -0.000000 -1.415137
v 0.660912 -0.000000 -1.420098
v 0.655951 -0.000000 -1.426143
v 0.652265 -0.000000 -1.433040
v 0.649994 -0.000000 -1.440523
v 0.649228 -0.000000 -1.448305
v 0.649994 -0.000000 -1.456088
v 0.652265 -0.000000 -1.463571
v 0.655951 -0.000000 -1.470468
v 0.660912 -0.000000 -1.476513
v 0.666957 -0.000000 -1.481473
v 0.673853 -0.000000 -1.485160
v 0.681337 -0.000000 -1.487430
v 0.689119 -0.000000 -1.488196
v 0.696901 -0.000000 -1.487430
v 0.704385 -0.000000 -1.485160
v 0.711281 -0.000000 -1.481473
v 0.717326 -0.000000 -1.476513
v 0.722287 -0.000000 -1.470468
v 0.725973 -0.000000 -1.463571
v 0.728243 -0.000000 -1.456088
v 0.729010 -0.000000 -1.448305
v 0.728243 -0.000000 -1.440523
v 0.725973 -0.000000 -1.433040
v 0.722287 -0.000000 -1.426143
v 0.717326 -0.000000 -1.420098
v 0.711281 -0.000000 -1.415137
v 0.704385 -0.000000 -1.411451
v 0.696901 -0.000000 -1.409181
v 0.679364 -0.000000 -1.399266
v 0.689119 -0.000000 -1.398305
v 0.669985 -0.000000 -1.402111
v 0.661340 -0.000000 -1.406732
v 0.653764 -0.000000 -1.412950
v 0.647545 -0.000000 -1.420527
v 0.642925 -0.000000 -1.429171
v 0.640080 -0.000000 -1.438551
v 0.639119 -0.000000 -1.448305
v 0.640080 -0.000000 -1.458060
v 0.642925 -0.000000 -1.467440
v 0.647545 -0.000000 -1.476084
v 0.653764 -0.000000 -1.483661
v 0.661340 -0.000000 -1.489879
v 0.669985 -0.000000 -1.494499
v 0.679364 -0.000000 -1.497345
v 0.689119 -0.000000 -1.498305
v 0.698873 -0.000000 -1.497345
v 0.708253 -0.000000 -1.494499
v 0.716897 -0.000000 -1.489879
v 0.724474 -0.000000 -1.483661
v 0.730692 -0.000000 -1.476084
v 0.735313 -0.000000 -1.467440
v 0.738158 -0.000000 -1.458060
v 0.739119 -0.000000 -1.448305
v 0.738158 -0.000000 -1.438551
v 0.735313 -0.000000 -1.429171
v 0.730692 -0.000000 -1.420527
v 0.724474 -0.000000 -1.412950
v 0.716897 -0.000000 -1.406732
v 0.708253 -0.000000 -1.402111
v 0.698873 -0.000000 -1.399266
v 0.681337 -0.000000 -1.409181
v 0.689119 -0.000000 -1.408414
v 0.673853 -0.000000 -1.411451
v 0.666957 -0.000000 -1.415137
v 0.660912 -0.000000 -1.420098
v 0.655951 -0.000000 -1.426143
v 0.652265 -0.000000 -1.433040
v 0.649994 -0.000000 -1.440523
v 0.649228 -0.000000 -1.448305
v 0.649994 -0.000000 -1.456088
v 0.652265 -0.000000 -1.463571
v 0.655951 -0.000000 -1.470468
v 0.660912 -0.000000 -1.476513
v 0.666957 -0.000000 -1.481473
v 0.673853 -0.000000 -1.485160
v 0.681337 -0.000000 -1.487430
v 0.689119 -0.000000 -1.488196
v 0.696901 -0.000000 -1.487430
v 0.704385 -0.000000 -1.485160
v 0.711281 -0.000000 -1.481473
v 0.717326 -0.000000 -1.476513
v 0.722287 -0.000000 -1.470468
v 0.725973 -0.000000 -1.463571
v 0.728243 -0.000000 -1.456088
v 0.729010 -0.000000 -1.448305
v 0.728243 -0.000000 -1.440523
v 0.725973 -0.000000 -1.433040
v 0.722287 -0.000000 -1.426143
v 0.717326 -0.000000 -1.420098
v 0.711281 -0.000000 -1.415137
v 0.704385 -0.000000 -1.411451
v 0.696901 -0.000000 -1.409181
v 0.681337 0.020000 -1.409181
v 0.689119 0.020000 -1.408414
v 0.673853 0.020000 -1.411451
v 0.666957 0.020000 -1.415137
v 0.660912 0.020000 -1.420098
v 0.655951 0.020000 -1.426143
v 0.652265 0.020000 -1.433040
v 0.649994 0.020000 -1.440523
v 0.649228 0.020000 -1.448305
v 0.649994 0.020000 -1.456088
v 0.652265 0.020000 -1.463571
v 0.655951 0.020000 -1.470468
v 0.660912 0.020000 -1.476513
v 0.666957 0.020000 -1.481473
v 0.673853 0.020000 -1.485160
v 0.681337 0.020000 -1.487430
v 0.689119 0.020000 -1.488196
v 0.696901 0.020000 -1.487430
v 0.704385 0.020000 -1.485160
v 0.711281 0.020000 -1.481473
v 0.717326 0.020000 -1.476513
v 0.722287 0.020000 -1.470468
v 0.725973 0.020000 -1.463571
v 0.728243 0.020000 -1.456088
v 0.729010 0.020000 -1.448305
v 0.728243 0.020000 -1.440523
v 0.725973 0.020000 -1.433040
v 0.722287 0.020000 -1.426143
v 0.717326 0.020000 -1.420098
v 0.711281 0.020000 -1.415137
v 0.704385 0.020000 -1.411451
v 0.696901 0.020000 -1.409181
v 0.689119 1.780000 -1.398305
v 0.679365 1.780000 -1.399266
v 0.669985 1.780000 -1.402111
v 0.661341 1.780000 -1.406732
v 0.653764 1.780000 -1.412950
v 0.647546 1.780000 -1.420527
v 0.642925 1.780000 -1.429171
v 0.640080 1.780000 -1.438551
v 0.639119 1.780000 -1.448305
v 0.640080 1.780000 -1.458060
v 0.642925 1.780000 -1.467440
v 0.647546 1.780000 -1.476084
v 0.653764 1.780000 -1.483661
v 0.661341 1.780000 -1.489879
v 0.669985 1.780000 -1.494499
v 0.679365 1.780000 -1.497345
v 0.689119 1.780000 -1.498305
v 0.698874 1.780000 -1.497345
v 0.708253 1.780000 -1.494499
v 0.716898 1.780000 -1.489879
v 0.724474 1.780000 -1.483661
v 0.730693 1.780000 -1.476084
v 0.735313 1.780000 -1.467440
v 0.738158 1.780000 -1.458060
v 0.739119 1.780000 -1.448305
v 0.738158 1.780000 -1.438551
v 0.735313 1.780000 -1.429171
v 0.730693 1.780000 -1.420527
v 0.724474 1.780000 -1.412950
v 0.716898 1.780000 -1.406732
v 0.708253 1.780000 -1.402111
v 0.698874 1.780000 -1.399266
v 0.681337 -0.000000 -1.409181
v 0.689119 -0.000000 -1.408414
v 0.673853 -0.000000 -1.411451
v 0.666957 -0.000000 -1.415137
v 0.660912 -0.000000 -1.420098
v 0.655951 -0.000000 -1.426143
v 0.652265 -0.000000 -1.433040
v 0.649994 -0.000000 -1.440523
v 0.649228 -0.000000 -1.448305
v 0.649994 -0.000000 -1.456088
v 0.652265 -0.000000 -1.463571
v 0.655951 -0.000000 -1.470468
v 0.660912 -0.000000 -1.476513
v 0.666957 -0.000000 -1.481473
v 0.673853 -0.000000 -1.485160
v 0.681337 -0.000000 -1.487430
v 0.689119 -0.000000 -1.488196
v 0.696901 -0.000000 -1.487430
v 0.704385 -0.000000 -1.485160
v 0.711281 -0.000000 -1.481473
v 0.717326 -0.000000 -1.476513
v 0.722287 -0.000000 -1.470468
v 0.725973 -0.000000 -1.463571
v 0.728243 -0.000000 -1.456088
v 0.729010 -0.000000 -1.448305
v 0.728243 -0.000000 -1.440523
v 0.725973 -0.000000 -1.433040
v 0.722287 -0.000000 -1.426143
v 0.717326 -0.000000 -1.420098
v 0.711281 -0.000000 -1.415137
v 0.704385 -0.000000 -1.411451
v 0.696901 -0.000000 -1.409181
v 0.679364 -0.000000 -1.399266
v 0.689119 -0.000000 -1.398305
v 0.669985 -0.000000 -1.402111
v 0.661340 -0.000000 -1.406732
v 0.653764 -0.000000 -1.412950
v 0.647545 -0.000000 -1.420527
v 0.642925 -0.000000 -1.429171
v 0.640080 -0.000000 -1.438551
v 0.639119 -0.000000 -1.448305
v 0.640080 -0.000000 -1.458060
v 0.642925 -0.000000 -1.467440
v 0.647545 -0.000000 -1.476084
v 0.653764 -0.000000 -1.483661
v 0.661340 -0.000000 -1.489879
v 0.669985 -0.000000 -1.494499
v 0.679364 -0.000000 -1.497345
v 0.689119 -0.000000 -1.498305
v 0.698873 -0.000000 -1.497345
v 0.708253 -0.000000 -1.494499
v 0.716897 -0.000000 -1.489879
v 0.724474 -0.000000 -1.483661
v 0.730692 -0.000000 -1.476084
v 0.735313 -0.000000 -1.467440
v 0.738158 -0.000000 -1.458060
v 0.739119 -0.000000 -1.448305
v 0.738158 -0.000000 -1.438551
v 0.735313 -0.000000 -1.429171
v 0.730692 -0.000000 -1.420527
v 0.724474 -0.000000 -1.412950
v 0.716897 -0.000000 -1.406732
v 0.708253 -0.000000 -1.402111
v 0.698873 -0.000000 -1.399266
v 0.681337 -0.000000 -1.409181
v 0.689119 -0.000000 -1.408414
v 0.673853 -0.000000 -1.411451
v 0.666957 -0.000000 -1.415137
v 0.660912 -0.000000 -1.420098
v 0.655951 -0.000000 -1.426143
v 0.652265 -0.000000 -1.433040
v 0.649994 -0.000000 -1.440523
v 0.649228 -0.000000 -1.448305
v 0.649994 -0.000000 -1.456088
v 0.652265 -0.000000 -1.463571
v 0.655951 -0.000000 -1.470468
v 0.660912 -0.000000 -1.476513
v 0.666957 -0.000000 -1.481473
v 0.673853 -0.000000 -1.485160
v 0.681337 -0.000000 -1.487430
v 0.689119 -0.000000 -1.488196
v 0.696901 -0.000000 -1.487430
v 0.704385 -0.000000 -1.485160
v 0.711281 -0.000000 -1.481473
v 0.717326 -0.000000 -1.476513
v 0.722287 -0.000000 -1.470468
v 0.725973 -0.000000 -1.463571
v 0.728243 -0.000000 -1.456088
v 0.729010 -0.000000 -1.448305
v 0.728243 -0.000000 -1.440523
v 0.725973 -0.000000 -1.433040
v 0.722287 -0.000000 -1.426143
v 0.717326 -0.000000 -1.420098
v 0.711281 -0.000000 -1.415137
v 0.704385 -0.000000 -1.411451
v 0.696901 -0.000000 -1.409181
v 0.681337 0.020000 -1.409181
v 0.689119 0.020000 -1.408414
v 0.673853 0.020000 -1.411451
v 0.666957 0.020000 -1.415137
v 0.660912 0.020000 -1.420098
v 0.655951 0.020000 -1.426143
v 0.652265 0.020000 -1.433040
v 0.649994 0.020000 -1.440523
v 0.649228 0.020000 -1.448305
v 0.649994 0.020000 -1.456088
v 0.652265 0.020000 -1.463571
v 0.655951 0.020000 -1.470468
v 0.660912 0.020000 -1.476513
v 0.666957 0.020000 -1.481473
v 0.673853 0.020000 -1.485160
v 0.681337 0.020000 -1.487430
v 0.689119 0.020000 -1.488196
v 0.696901 0.020000 -1.487430
v 0.704385 0.020000 -1.485160
v 0.711281 0.020000 -1.481473
v 0.717326 0.020000 -1.476513
v 0.722287 0.020000 -1.470468
v 0.725973 0.020000 -1.463571
v 0.728243 0.020000 -1.456088
v 0.729010 0.020000 -1.448305
v 0.728243 0.020000 -1.440523
v 0.725973 0.020000 -1.433040
v 0.722287 0.020000 -1.426143
v 0.717326 0.020000 -1.420098
v 0.711281 0.020000 -1.415137
v 0.704385 0.020000 -1.411451
v 0.696901 0.020000 -1.409181
v -0.689119 1.780000 -1.398305
v -0.679365 1.780000 -1.399266
v -0.669985 1.780000 -1.402111
v -0.661341 1.780000 -1.406732
v -0.653764 1.780000 -1.412950
v -0.647546 1.780000 -1.420527
v -0.642925 1.780000 -1.429171
v -0.640080 1.780000 -1.438551
v -0.639119 1.780000 -1.448305
v -0.640080 1.780000 -1.458060
v -0.642925 1.780000 -1.467440
v -0.647546 1.780000 -1.476084
v -0.653764 1.780000 -1.483661
v -0.661341 1.780000 -1.489879
v -0.669985 1.780000 -1.494499
v -0.679365 1.780000 -1.497345
v -0.689119 1.780000 -1.498305
v -0.698874 1.780000 -1.497345
v -0.708253 1.780000 -1.494499
v -0.716898 1.780000 -1.489879
v -0.724474 1.780000 -1.483661
v -0.730693 1.780000 -1.476084
v -0.735313 1.780000 -1.467440
v -0.738158 1.780000 -1.458060
v -0.739119 1.780000 -1.448305
v -0.738158 1.780000 -1.438551
v -0.735313 1.780000 -1.429171
v -0.730693 1.780000 -1.420527
v -0.724474 1.780000 -1.412950
v -0.716898 1.780000 -1.406732
v -0.708253 1.780000 -1.402111
v -0.698874 1.780000 -1.399266
v -0.681337 -0.000000 -1.409181
v -0.689119 0.000000 -1.408414
v -0.673854 -0.000000 -1.411451
v -0.666957 -0.000000 -1.415137
v -0.660912 -0.000000 -1.420098
v -0.655951 -0.000000 -1.426143
v -0.652265 -0.000000 -1.433040
v -0.649995 -0.000000 -1.440523
v -0.649228 -0.000000 -1.448305
v -0.649995 -0.000000 -1.456088
v -0.652265 -0.000000 -1.463571
v -0.655951 -0.000000 -1.470468
v -0.660912 -0.000000 -1.476513
v -0.666957 -0.000000 -1.481473
v -0.673854 -0.000000 -1.485160
v -0.681337 -0.000000 -1.487430
v -0.689119 0.000000 -1.488196
v -0.696902 0.000000 -1.487430
v -0.704385 0.000000 -1.485160
v -0.711281 0.000000 -1.481473
v -0.717326 0.000000 -1.476513
v -0.722287 0.000000 -1.470468
v -0.725974 0.000000 -1.463571
v -0.728244 0.000000 -1.456088
v -0.729010 0.000000 -1.448305
v -0.728244 0.000000 -1.440523
v -0.725974 0.000000 -1.433040
v -0.722287 0.000000 -1.426143
v -0.717326 0.000000 -1.420098
v -0.711281 0.000000 -1.415137
v -0.704385 0.000000 -1.411451
v -0.696902 0.000000 -1.409181
v -0.679365 -0.000000 -1.399266
v -0.689119 0.000000 -1.398305
v -0.669985 -0.000000 -1.402111
v -0.661341 -0.000000 -1.406732
v -0.653764 -0.000000 -1.412950
v -0.647546 -0.000000 -1.420527
v -0.642925 -0.000000 -1.429171
v -0.640080 -0.000000 -1.438551
v -0.639119 -0.000000 -1.448305
v -0.640080 -0.000000 -1.458060
v -0.642925 -0.000000 -1.467440
v -0.647546 -0.000000 -1.476084
v -0.653764 -0.000000 -1.483661
v -0.661341 -0.000000 -1.489879
v -0.669985 -0.000000 -1.494499
v -0.679365 -0.000000 -1.497345
v -0.689119 0.000000 -1.498305
v -0.698874 0.000000 -1.497345
v -0.708253 0.000000 -1.494499
v -0.716898 0.000000 -1.489879
v -0.724475 0.000000 -1.483661
v -0.730693 0.000000 -1.476084
v -0.735313 0.000000 -1.467440
v -0.738159 0.000000 -1.458060
v -0.739119 0.000000 -1.448305
v -0.738159 0.000000 -1.438551
v -0.735313 0.000000 -1.429171
v -0.730693 0.000000 -1.420527
v -0.724475 0.000000 -1.412950
v -0.716898 0.000000 -1.406732
v -0.708253 0.000000 -1.402111
v -0.698874 0.000000 -1.399266
v -0.681337 -0.000000 -1.409181
v -0.689119 0.000000 -1.408414
v -0.673854 -0.000000 -1.411451
v -0.666957 -0.000000 -1.415137
v -0.660912 -0.000000 -1.420098
v -0.655951 -0.000000 -1.426143
v -0.652265 -0.000000 -1.433040
v -0.649995 -0.000000 -1.440523
v -0.649228 -0.000000 -1.448305
v -0.649995 -0.000000 -1.456088
v -0.652265 -0.000000 -1.463571
v -0.655951 -0.000000 -1.470468
v -0.660912 -0.000000 -1.476513
v -0.666957 -0.000000 -1.481473
v -0.673854 -0.000000 -1.485160
v -0.681337 -0.000000 -1.487430
v -0.689119 0.000000 -1.488196
v -0.696902 0.000000 -1.487430
v -0.704385 0.000000 -1.485160
v -0.711281 0.000000 -1.481473
v -0.717326 0.000000 -1.476513
v -0.722287 0.000000 -1.470468
v -0.725974 0.000000 -1.463571
v -0.728244 0.000000 -1.456088
v -0.729010 0.000000 -1.448305
v -0.728244 0.000000 -1.440523
v -0.725974 0.000000 -1.433040
v -0.722287 0.000000 -1.426143
v -0.717326 0.000000 -1.420098
v -0.711281 0.000000 -1.415137
v -0.704385 0.000000 -1.411451
v -0.696902 0.000000 -1.409181
v -0.681337 0.020000 -1.409181
v -0.689119 0.020000 -1.408414
v -0.673854 0.020000 -1.411451
v -0.666957 0.020000 -1.415137
v -0.660912 0.020000 -1.420098
v -0.655951 0.020000 -1.426143
v -0.652265 0.020000 -1.433040
v -0.649995 0.020000 -1.440523
v -0.649228 0.020000 -1.448305
v -0.649995 0.020000 -1.456088
v -0.652265 0.020000 -1.463571
v -0.655951 0.020000 -1.470468
v -0.660912 0.020000 -1.476513
v -0.666957 0.020000 -1.481473
v -0.673854 0.020000 -1.485160
v -0.681337 0.020000 -1.487430
v -0.689119 0.020000 -1.488196
v -0.696902 0.020000 -1.487430
v -0.704385 0.020000 -1.485160
v -0.711281 0.020000 -1.481473
v -0.717326 0.020000 -1.476513
v -0.722287 0.020000 -1.470468
v -0.725974 0.020000 -1.463571
v -0.728244 0.020000 -1.456088
v -0.729010 0.020000 -1.448305
v -0.728244 0.020000 -1.440523
v -0.725974 0.020000 -1.433040
v -0.722287 0.020000 -1.426143
v -0.717326 0.020000 -1.420098
v -0.711281 0.020000 -1.415137
v -0.704385 0.020000 -1.411451
v -0.696902 0.020000 -1.409181
vt 0.000000 0.000000
vt 0.000000 0.000000
vt 0.000000 0.000000
vt 0.000000 0.000000
vt 0.000000 0.000000
vt 0.000000 0.000000
vt 0.000000 0.000000
vt 0.000000 0.000000
vt 0.000000 0.000000
vt 0.000000 0.000000
vt 0.000000 0.000000
vt 0.000000 0.000000
vt 0.000000 0.000000
vt 0.000000 0.000000
vt 0.000000 0.000000
vt 0.000000 0.000000
vt 0.000000 0.000000
vt 0.000000 0.000000
vt 0.000000 0.000000
vt 0.000000 0.000000
vt 0.000000 0.000000
vt 0.000000 0.000000
vt 0.000000 0.000000
vt 0.000000 0.000000
vt 0.000000 0.000000
vt 0.000000 0.000000
vt 0.000000 0.000000
vt 0.000000 0.000000
vt 0.000000 0.000000
vt 0.000000 0.000000
vt 0.000000 0.000000
vt 0.000000 0.000000
vt 0.000000 0.000000
vt 0.000000 0.000000
vt 0.000000 0.000000
vt 0.000000 0.000000
vt 0.000000 0.000000
vt 0.000000 0.000000
vt 0.000000 0.000000
vt 0.000000 0.000000
vt 0.000000 0.000000
vt 0.000000 0.000000
vt 0.000000 0.000000
vt 0.000000 0.000000
vt 0.000000 0.000000
vt 0.000000 0.000000
vt 0.000000 0.000000
vt 0.000000 0.000000
vt 0.000000 0.000000
vt 0.000000 0.000000
vt 0.000000 0.000000
vt 0.000000 0.000000
vt 0.000000 0.000000
vt 0.000000 0.000000
vt 0.000000 0.000000
vt 0.000000 0.000000
vt 0.000000 0.000000
vt 0.000000 0.000000
vt 0.000000 0.000000
vt 0.000000 0.000000
vt 0.000000 0.000000
vt 0.000000 0.000000
vt 0.000000 0.000000
vt 0.000000 0.000000
vt 0.000000 0.000000
vt 0.000000 0.000000
vt 0.000000 0.000000
vt 0.000000 0.000000
vt 0.000000 0.000000
vt 0.000000 0.000000
vt 0.000000 0.000000
vt 0.000000 0.000000
vt 0.000000 0.000000
vt 0.000000 0.000000
vt 0.000000 0.000000
vt 0.000000 0.000000
vt 0.000000 0.000000
vt 0.000000 0.000000
vt 0.000000 0.000000
vt 0.000000 0.000000
vt 0.000000 0.000000
vt 0.000000 0.000000
vt 0.000000 0.000000
vt 0.000000 0.000000
vt 0.000000 0.000000
vt 0.000000 0.000000
vt 0.000000 0.000000
vt 0.000000 0.000000
vt 0.000000 0.000000
vt 0.000000 0.000000
vt 0.000000 0.000000
vt 0.000000 0.000000
vt 0.000000 0.000000
vt 0.000000 0.000000
vt 0.000000 0.000000
vt 0.000000 0.000000
vt 0.000000 0.000000
vt 0.000000 0.000000
vt 0.000000 0.000000
vt 0.000000 0.000000
vt 0.000000 0.000000
vt 0.000000 0.000000
vt 0.000000 0.000000
vt 0.000000 0.000000
vt 0.000000 0.000000
vt 0.000000 0.000000
vt 0.000000 0.000000
vt 0.000000 0.000000
vt 0.000000 0.000000
vt 0.000000 0.000000
vt 0.000000 0.000000
vt 0.000000 0.000000
vt 0.000000 0.000000
vt 0.000000 0.000000
vt 0.000000 0.000000
vt 0.000000 0.000000
vt 0.000000 0.000000
vt 0.000000 0.000000
vt 0.000000 0.000000
vt 0.000000 0.000000
vt 0.000000 0.000000
vt 0.000000 0.000000
vt 0.000000 0.000000
vt 0.000000 0.000000
vt 0.000000 0.000000
vt 0.000000 0.000000
vt 0.000000 0.000000
vt 0.000000 0.000000
vt 0.000000 0.000000
vt 0.000000 0.000000
vt 0.000000 0.000000
vt 0.000000 0.000000
vt 0.000000 0.000000
vt 0.000000 0.000000
vt 0.000000 0.000000
vt 0.000000 0.000000
vt 0.000000 0.000000
vt 0.000000 0.000000
vt 0.000000 0.000000
vt 0.000000 0.000000
vt 0.000000 0.000000
vt 0.000000 0.000000
vt 0.000000 0.000000
vt 0.000000 0.000000
vt 0.000000 0.000000
vt 0.000000 0.000000
vt 0.000000 0.000000
vt 0.000000 0.000000
vt 0.000000 0.000000
vt 0.000000 0.000000
vt 0.000000 0.000000
vt 0.000000 0.000000
vt 0.000000 0.000000
vt 0.000000 0.000000
vt 0.000000 0.000000
vt 0.000000 0.000000
vt 0.000000 0.000000
vt 0.000000 0.000000
vt 0.000000 0.000000
vt 0.000000 0.000000
vt 0.000000 0.000000
vt 0.000000 0.000000
vt 0.000000 0.000000
vt 0.000000 0.000000
vt 0.000000 0.000000
vt 0.000000 0.000000
vt 0.000000 0.000000
vt 0.000000 0.000000
vt 0.000000 0.000000
vt 0.000000 0.000000
vt 0.000000 0.000000
vt 0.000000 0.000000
vt 0.000000 0.000000
vt 0.000000 0.000000
vt 0.000000 0.000000
vt 0.000000 0.000000
vt 0.000000 0.000000
vt 0.000000 0.000000
vt 0.000000 0.000000
vt 0.000000 0.000000
vt 0.000000 0.000000
vt 0.000000 0.000000
vt 0.000000 0.000000
vt 0.000000 0.000000
vt 0.000000 0.000000
vt 0.000000 0.000000
vt 0.000000 0.000000
vt 0.000000 0.000000
vt 0.000000 0.000000
vt 0.000000 0.000000
vt 0.000000 0.000000
vt 0.000000 0.000000
vt 0.000000 0.000000
vt 0.000000 0.000000
vt 0.000000 0.000000
vt 0.000000 0.000000
vt 0.000000 0.000000
vt 0.000000 0.000000
vt 0.000000 0.000000
vt 0.000000 0.000000
vt 0.000000 0.000000
vt 0.000000 0.000000
vt 0.000000 0.000000
vt 0.000000 0.000000
vt 0.000000 0.000000
vt 0.000000 0.000000
vt 0.000000 0.000000
vt 0.000000 0.000000
vt 0.000000 0.000000
vt 0.000000 0.000000
vt 0.000000 0.000000
vt 0.000000 0.000000
vt 0.000000 0.000000
vt 0.000000 0.000000
vt 0.000000 0.000000
vt 0.000000 0.000000
vt 0.000000 0.000000
vt 0.000000 0.000000
vt 0.000000 0.000000
vt 0.000000 0.000000
vt 0.000000 0.000000
vt 0.000000 0.000000
vt 0.000000 0.000000
vt 0.000000 0.000000
vt 0.000000 0.000000
vt 0.000000 0.000000
vt 0.000000 0.000000
vt 0.000000 0.000000
vt 0.000000 0.000000
vt 0.000000 0.000000
vt 0.000000 0.000000
vt 0.000000 0.000000
vt 0.000000 0.000000
vt 0.000000 0.000000
vt 0.000000 0.000000
vt 0.000000 0.000000
vt 0.000000 0.000000
vt 0.000000 0.000000
vt 0.000000 0.000000
vt 0.000000 0.000000
vt 0.000000 0.000000
vt 0.000000 0.000000
vt 0.000000 0.000000
vt 0.000000 0.000000
vt 0.000000 0.000000
vt 0.000000 0.000000
vt 0.000000 0.000000
vt 0.000000 0.000000
vt 0.000000 0.000000
vt 0.000000 0.000000
vt 0.000000 0.000000
vt 0.000000 0.000000
vt 0.000000 0.000000
vt 0.000000 0.000000
vt 0.000000 0.000000
vt 0.000000 0.000000
vt 0.000000 0.000000
vt 0.000000 0.000000
vt 0.000000 0.000000
vt 0.000000 0.000000
vt 0.000000 0.000000
vt 0.000000 0.000000
vt 0.000000 0.000000
vt 0.000000 0.000000
vt 0.000000 0.000000
vt 0.000000 0.000000
vt 0.000000 0.000000
vt 0.000000 0.000000
vt 0.000000 0.000000
vt 0.000000 0.000000
vt 0.000000 0.000000
vt 0.000000 0.000000
vt 0.000000 0.000000
vt 0.000000 0.000000
vt 0.000000 0.000000
vt 0.000000 0.000000
vt 0.000000 0.000000
vt 0.000000 0.000000
vt 0.000000 0.000000
vt 0.000000 0.000000
vt 0.000000 0.000000
vt 0.000000 0.000000
vt 0.000000 0.000000
vt 0.000000 0.000000
vt 0.000000 0.000000
vt 0.000000 0.000000
vt 0.000000 0.000000
vt 0.000000 0.000000
vt 0.000000 0.000000
vt 0.000000 0.000000
vt 0.000000 0.000000
vt 0.000000 0.000000
vt 0.000000 0.000000
vt 0.000000 0.000000
vt 0.000000 0.000000
vt 0.000000 0.000000
vt 0.000000 0.000000
vt 0.000000 0.000000
vt 0.000000 0.000000
vt 0.000000 0.000000
vt 0.000000 0.000000
vt 0.000000 0.000000
vt 0.000000 0.000000
vt 0.000000 0.000000
vt 0.000000 0.000000
vt 0.000000 0.000000
vt 0.000000 0.000000
vt 0.000000 0.000000
vt 0.000000 0.000000
vt 0.000000 0.000000
vt 0.000000 0.000000
vt 0.000000 0.000000
vt 0.000000 0.000000
vt 0.000000 0.000000
vt 0.000000 0.000000
vt 0.000000 0.000000
vt 0.000000 0.000000
vt 0.000000 0.000000
vt 0.000000 0.000000
vt 0.000000 0.000000
vt 0.262299 0.513778
vt 0.265010 0.509720
vt 0.268461 0.506269
vt 0.272519 0.503558
vt 0.277027 0.501690
vt 0.281814 0.500738
vt 0.286694 0.500738
vt 0.291480 0.501690
vt 0.295989 0.503558
vt 0.300046 0.506269
vt 0.303497 0.509720
vt 0.306208 0.513778
vt 0.308076 0.518286
vt 0.309028 0.523073
vt 0.309028 0.527953
vt 0.308076 0.532739
vt 0.306208 0.537248
vt 0.303497 0.541306
vt 0.300046 0.544756
vt 0.295989 0.547468
vt 0.291480 0.549335
vt 0.286694 0.550287
vt 0.281814 0.550287
vt 0.277027 0.549335
vt 0.272519 0.547468
vt 0.268461 0.544756
vt 0.265010 0.541306
vt 0.262299 0.537248
vt 0.260431 0.532739
vt 0.259479 0.527953
vt 0.259479 0.523073
vt 0.260431 0.518286
vt 0.314542 0.523742
vt 0.314609 0.523749
vt 0.314636 0.527621
vt 0.314568 0.527627
vt 0.113194 0.001547
vt 0.113194 0.499352
vt 0.104506 0.499420
vt 0.104506 0.001615
vt 0.226138 0.000659
vt 0.226138 0.498464
vt 0.217450 0.498533
vt 0.217450 0.000727
vt 0.061065 0.001957
vt 0.061066 0.499762
vt 0.052378 0.499830
vt 0.052377 0.002025
vt 0.095818 0.499489
vt 0.095818 0.001683
vt 0.208762 0.498601
vt 0.208762 0.000796
vt 0.043689 0.499898
vt 0.043689 0.002093
vt 0.087130 0.499557
vt 0.087130 0.001752
vt 0.200074 0.498669
vt 0.200074 0.000864
vt 0.035001 0.499967
vt 0.035001 0.002161
vt 0.191386 0.498737
vt 0.191386 0.000932
vt 0.026313 0.500035
vt 0.026313 0.002230
vt 0.182698 0.498806
vt 0.182698 0.001000
vt 0.017625 0.500103
vt 0.017625 0.002298
vt 0.174010 0.498874
vt 0.174010 0.001069
vt 0.008937 0.500171
vt 0.008937 0.002366
vt 0.165322 0.498942
vt 0.165322 0.001137
vt 0.000249 0.500240
vt 0.000249 0.002435
vt 0.156634 0.499011
vt 0.156634 0.001205
vt 0.278266 0.000249
vt 0.278266 0.498055
vt 0.269578 0.498123
vt 0.269578 0.000318
vt 0.147946 0.499079
vt 0.147946 0.001274
vt 0.260890 0.498191
vt 0.260890 0.000386
vt 0.139258 0.499147
vt 0.139258 0.001342
vt 0.252202 0.498259
vt 0.252202 0.000454
vt 0.130570 0.499215
vt 0.130570 0.001410
vt 0.243514 0.498328
vt 0.243514 0.000522
vt 0.078442 0.499625
vt 0.078442 0.001820
vt 0.121882 0.499284
vt 0.121882 0.001479
vt 0.234826 0.498396
vt 0.234826 0.000591
vt 0.069754 0.499693
vt 0.069754 0.001888
vt 0.343844 0.542944
vt 0.346062 0.547386
vt 0.341594 0.549095
vt 0.340262 0.544348
vt 0.347081 0.540854
vt 0.350160 0.544802
vt 0.349843 0.538157
vt 0.353691 0.541407
vt 0.352032 0.534959
vt 0.356478 0.537350
vt 0.353547 0.531380
vt 0.358378 0.532830
vt 0.354325 0.527567
vt 0.359342 0.528032
vt 0.354336 0.523670
vt 0.359342 0.523146
vt 0.353583 0.519840
vt 0.358394 0.518369
vt 0.352064 0.516244
vt 0.356524 0.513853
vt 0.349893 0.512986
vt 0.353801 0.509764
vt 0.347098 0.510238
vt 0.350313 0.506287
vt 0.343832 0.508058
vt 0.346190 0.503543
vt 0.340199 0.506556
vt 0.341621 0.501674
vt 0.336344 0.505792
vt 0.336786 0.500738
vt 0.332416 0.505788
vt 0.331878 0.500761
vt 0.328564 0.506542
vt 0.327094 0.501723
vt 0.324946 0.508067
vt 0.322580 0.503591
vt 0.321694 0.510266
vt 0.318482 0.506321
vt 0.318938 0.513054
vt 0.314987 0.509835
vt 0.316766 0.516306
vt 0.312260 0.513965
vt 0.315282 0.519918
vt 0.310424 0.518526
vt 0.309527 0.523335
vt 0.309590 0.528205
vt 0.315357 0.531424
vt 0.310593 0.532942
vt 0.316896 0.534980
vt 0.312513 0.537406
vt 0.319090 0.538161
vt 0.315276 0.541410
vt 0.321879 0.540836
vt 0.318794 0.544784
vt 0.325133 0.542902
vt 0.322921 0.547388
vt 0.328742 0.544280
vt 0.327450 0.549102
vt 0.332574 0.544908
vt 0.332177 0.549914
vt 0.336464 0.545008
vt 0.336916 0.549927
vt 0.577695 0.524544
vt 0.567737 0.524544
vt 0.567737 0.520651
vt 0.577695 0.520651
vt 0.352004 0.516276
vt 0.349840 0.513029
vt 0.315422 0.531405
vt 0.347054 0.510291
vt 0.316955 0.534949
vt 0.343799 0.508118
vt 0.319142 0.538118
vt 0.340178 0.506622
vt 0.321922 0.540783
vt 0.336336 0.505860
vt 0.340246 0.544283
vt 0.343815 0.542883
vt 0.325165 0.542842
vt 0.332422 0.505857
vt 0.347040 0.540800
vt 0.328761 0.544214
vt 0.328583 0.506608
vt 0.349792 0.538112
vt 0.332576 0.544840
vt 0.324978 0.508128
vt 0.351973 0.534925
vt 0.336461 0.544942
vt 0.321737 0.510319
vt 0.353483 0.531359
vt 0.318990 0.513098
vt 0.354257 0.527559
vt 0.316826 0.516339
vt 0.354268 0.523676
vt 0.315347 0.519939
vt 0.353518 0.519859
vt 0.424155 0.501498
vt 0.427974 0.500738
vt 0.431867 0.500738
vt 0.435686 0.501498
vt 0.439283 0.502988
vt 0.442520 0.505151
vt 0.445273 0.507904
vt 0.447436 0.511141
vt 0.448926 0.514739
vt 0.449686 0.518557
vt 0.449686 0.522451
vt 0.448926 0.526269
vt 0.447436 0.529866
vt 0.445273 0.533104
vt 0.442520 0.535857
vt 0.439283 0.538020
vt 0.435686 0.539510
vt 0.431867 0.540269
vt 0.427974 0.540269
vt 0.424155 0.539510
vt 0.420558 0.538020
vt 0.417321 0.535857
vt 0.414568 0.533103
vt 0.412404 0.529866
vt 0.410914 0.526269
vt 0.410155 0.522450
vt 0.410155 0.518557
vt 0.410915 0.514738
vt 0.412405 0.511141
vt 0.414568 0.507904
vt 0.417321 0.505151
vt 0.420558 0.502988
vt 0.577695 0.575159
vt 0.567737 0.575159
vt 0.567737 0.571266
vt 0.577695 0.571266
vt 0.567737 0.516757
vt 0.577695 0.516758
vt 0.567737 0.567372
vt 0.577695 0.567372
vt 0.577695 0.621881
vt 0.567737 0.621881
vt 0.567737 0.617987
vt 0.577695 0.617987
vt 0.567737 0.512864
vt 0.577695 0.512864
vt 0.567737 0.563479
vt 0.577695 0.563479
vt 0.567737 0.614094
vt 0.577695 0.614094
vt 0.567737 0.508971
vt 0.577695 0.508971
vt 0.567737 0.559586
vt 0.577695 0.559586
vt 0.567737 0.610200
vt 0.577695 0.610200
vt 0.567737 0.505077
vt 0.577695 0.505077
vt 0.567737 0.555692
vt 0.577695 0.555692
vt 0.567737 0.606307
vt 0.577695 0.606307
vt 0.567737 0.501184
vt 0.577695 0.501184
vt 0.567737 0.551799
vt 0.577695 0.551799
vt 0.567737 0.602414
vt 0.577695 0.602414
vt 0.577695 0.625774
vt 0.567737 0.625774
vt 0.567737 0.547905
vt 0.577695 0.547905
vt 0.567737 0.598520
vt 0.577695 0.598520
vt 0.567737 0.544012
vt 0.577695 0.544012
vt 0.567737 0.594627
vt 0.577695 0.594627
vt 0.567737 0.540118
vt 0.577695 0.540118
vt 0.567737 0.590733
vt 0.577695 0.590733
vt 0.567737 0.536225
vt 0.577695 0.536225
vt 0.567737 0.586840
vt 0.577695 0.586840
vt 0.567737 0.532331
vt 0.577695 0.532331
vt 0.567737 0.582946
vt 0.577695 0.582946
vt 0.567737 0.528438
vt 0.577695 0.528438
vt 0.567737 0.579053
vt 0.577695 0.579053
vt 0.249999 0.544756
vt 0.245941 0.547468
vt 0.241433 0.549335
vt 0.236646 0.550287
vt 0.231766 0.550287
vt 0.226980 0.549335
vt 0.222471 0.547467
vt 0.218413 0.544756
vt 0.214963 0.541305
vt 0.212251 0.537248
vt 0.210384 0.532739
vt 0.209432 0.527953
vt 0.209432 0.523072
vt 0.210384 0.518286
vt 0.212252 0.513777
vt 0.214963 0.509720
vt 0.218414 0.506269
vt 0.222472 0.503558
vt 0.226980 0.501690
vt 0.231767 0.500738
vt 0.236647 0.500738
vt 0.241433 0.501691
vt 0.245942 0.503558
vt 0.249999 0.506269
vt 0.253450 0.509720
vt 0.256161 0.513778
vt 0.258029 0.518287
vt 0.258981 0.523073
vt 0.258981 0.527953
vt 0.258029 0.532739
vt 0.256161 0.537248
vt 0.253450 0.541306
vt 0.088509 0.564009
vt 0.084726 0.563906
vt 0.084732 0.563841
vt 0.088506 0.563944
vt 0.661529 0.001495
vt 0.670217 0.001599
vt 0.670217 0.499439
vt 0.661529 0.499335
vt 0.983961 0.000872
vt 0.992648 0.000976
vt 0.992648 0.498817
vt 0.983961 0.498713
vt 0.713654 0.002118
vt 0.722341 0.002221
vt 0.722341 0.500062
vt 0.713654 0.499958
vt 0.678904 0.001702
vt 0.678904 0.499543
vt 0.557281 0.000249
vt 0.565968 0.000353
vt 0.565968 0.498193
vt 0.557280 0.498090
vt 0.731029 0.002325
vt 0.731029 0.500166
vt 0.687592 0.001806
vt 0.687592 0.499647
vt 0.574655 0.000457
vt 0.574655 0.498297
vt 0.739716 0.002429
vt 0.739716 0.500270
vt 0.583343 0.000561
vt 0.583343 0.498401
vt 0.748403 0.002533
vt 0.748403 0.500374
vt 0.592030 0.000664
vt 0.592030 0.498505
vt 0.757091 0.002636
vt 0.757091 0.500477
vt 0.600718 0.000768
vt 0.600717 0.498609
vt 0.765778 0.002740
vt 0.765778 0.500581
vt 0.609405 0.000872
vt 0.609405 0.498712
vt 0.774466 0.002844
vt 0.774466 0.500685
vt 0.618092 0.000976
vt 0.618092 0.498816
vt 0.931836 0.000249
vt 0.940524 0.000353
vt 0.940524 0.498194
vt 0.931836 0.498090
vt 0.626780 0.001080
vt 0.626780 0.498920
vt 0.949211 0.000457
vt 0.949211 0.498298
vt 0.635467 0.001183
vt 0.635467 0.499024
vt 0.957899 0.000561
vt 0.957898 0.498401
vt 0.644155 0.001287
vt 0.644155 0.499128
vt 0.966586 0.000664
vt 0.966586 0.498505
vt 0.696279 0.001910
vt 0.696279 0.499751
vt 0.652842 0.001391
vt 0.652842 0.499231
vt 0.975273 0.000768
vt 0.975273 0.498609
vt 0.704966 0.002014
vt 0.704966 0.499855
vt 0.059871 0.538216
vt 0.060383 0.542115
vt 0.055657 0.543160
vt 0.054934 0.538655
vt 0.059898 0.534213
vt 0.054820 0.533973
vt 0.060469 0.530181
vt 0.055364 0.529197
vt 0.061499 0.526205
vt 0.056600 0.524491
vt 0.063064 0.522400
vt 0.058472 0.520030
vt 0.065136 0.518855
vt 0.060932 0.515885
vt 0.067671 0.515639
vt 0.063931 0.512135
vt 0.070629 0.512808
vt 0.067398 0.508851
vt 0.074032 0.510482
vt 0.071307 0.506027
vt 0.077708 0.508547
vt 0.075634 0.503758
vt 0.081688 0.507217
vt 0.080262 0.502078
vt 0.085816 0.506344
vt 0.085151 0.501060
vt 0.090029 0.506042
vt 0.090106 0.500738
vt 0.094234 0.506325
vt 0.095040 0.501103
vt 0.098346 0.507181
vt 0.099858 0.502142
vt 0.102299 0.508589
vt 0.104465 0.503832
vt 0.105923 0.510486
vt 0.108839 0.506241
vt 0.102774 0.559417
vt 0.105743 0.557299
vt 0.108839 0.560604
vt 0.105417 0.563307
vt 0.099479 0.561214
vt 0.101572 0.565544
vt 0.095966 0.562647
vt 0.097400 0.567225
vt 0.092281 0.563588
vt 0.093060 0.568300
vt 0.088629 0.568765
vt 0.084193 0.568613
vt 0.080994 0.563276
vt 0.079845 0.567856
vt 0.077391 0.562038
vt 0.075593 0.566518
vt 0.073927 0.560381
vt 0.071522 0.564563
vt 0.070743 0.558165
vt 0.067721 0.562060
vt 0.067817 0.555587
vt 0.064268 0.558998
vt 0.065267 0.552631
vt 0.061293 0.555502
vt 0.063154 0.549358
vt 0.058839 0.551644
vt 0.061517 0.545835
vt 0.056950 0.547499
vt 0.536367 0.594181
vt 0.536367 0.590288
vt 0.546325 0.590288
vt 0.546325 0.594181
vt 0.077736 0.508613
vt 0.074069 0.510542
vt 0.081009 0.563213
vt 0.081708 0.507286
vt 0.077415 0.561977
vt 0.085827 0.506416
vt 0.073960 0.560324
vt 0.090030 0.506114
vt 0.070784 0.558113
vt 0.094224 0.506396
vt 0.059939 0.538211
vt 0.060449 0.542100
vt 0.067865 0.555540
vt 0.098327 0.507251
vt 0.059967 0.534217
vt 0.065320 0.552590
vt 0.102271 0.508656
vt 0.060538 0.530194
vt 0.063212 0.549326
vt 0.105891 0.510550
vt 0.061566 0.526227
vt 0.061579 0.545811
vt 0.102739 0.559363
vt 0.105707 0.557249
vt 0.063128 0.522430
vt 0.099451 0.561156
vt 0.065195 0.518895
vt 0.095945 0.562585
vt 0.067723 0.515686
vt 0.092268 0.563524
vt 0.070674 0.512862
vt 0.445273 0.573133
vt 0.442520 0.575886
vt 0.439283 0.578049
vt 0.435686 0.579539
vt 0.431867 0.580299
vt 0.427974 0.580299
vt 0.424155 0.579539
vt 0.420558 0.578049
vt 0.417321 0.575886
vt 0.414568 0.573133
vt 0.412405 0.569896
vt 0.410914 0.566299
vt 0.410155 0.562480
vt 0.410155 0.558587
vt 0.410914 0.554768
vt 0.412404 0.551171
vt 0.414567 0.547934
vt 0.417321 0.545181
vt 0.420558 0.543018
vt 0.424155 0.541527
vt 0.427974 0.540768
vt 0.431867 0.540768
vt 0.435686 0.541527
vt 0.439283 0.543017
vt 0.442520 0.545180
vt 0.445273 0.547933
vt 0.447436 0.551171
vt 0.448926 0.554768
vt 0.449686 0.558586
vt 0.449686 0.562480
vt 0.448926 0.566299
vt 0.447436 0.569896
vt 0.536367 0.520206
vt 0.536367 0.516312
vt 0.546325 0.516312
vt 0.546325 0.520206
vt 0.536367 0.586394
vt 0.546325 0.586394
vt 0.536367 0.512419
vt 0.546325 0.512419
vt 0.536367 0.566927
vt 0.536367 0.563034
vt 0.546325 0.563034
vt 0.546325 0.566927
vt 0.536367 0.582501
vt 0.546325 0.582501
vt 0.536367 0.508525
vt 0.546325 0.508525
vt 0.536367 0.559140
vt 0.546325 0.559140
vt 0.536367 0.578607
vt 0.546325 0.578607
vt 0.536368 0.504632
vt 0.546325 0.504632
vt 0.536367 0.555247
vt 0.546325 0.555247
vt 0.536367 0.574714
vt 0.546325 0.574714
vt 0.536368 0.500738
vt 0.546325 0.500738
vt 0.536367 0.551353
vt 0.546325 0.551353
vt 0.536367 0.570821
vt 0.546325 0.570821
vt 0.536368 0.625329
vt 0.536368 0.621435
vt 0.546325 0.621435
vt 0.546325 0.625329
vt 0.536367 0.547460
vt 0.546325 0.547460
vt 0.536368 0.617542
vt 0.546325 0.617542
vt 0.536367 0.543566
vt 0.546325 0.543566
vt 0.536367 0.613649
vt 0.546325 0.613648
vt 0.536367 0.539673
vt 0.546325 0.539673
vt 0.536367 0.609755
vt 0.546325 0.609755
vt 0.536367 0.535779
vt 0.546325 0.535779
vt 0.536367 0.605862
vt 0.546325 0.605862
vt 0.536367 0.531886
vt 0.546325 0.531886
vt 0.536367 0.601968
vt 0.546325 0.601968
vt 0.536367 0.527992
vt 0.546325 0.527993
vt 0.536367 0.598075
vt 0.546325 0.598075
vt 0.536367 0.524099
vt 0.546325 0.524099
vt 0.000000 0.000000
vt 0.000000 0.000000
vt 0.000000 0.000000
vt 0.000000 0.000000
vt 0.000000 0.000000
vt 0.000000 0.000000
vt 0.000000 0.000000
vt 0.000000 0.000000
vt 0.000000 0.000000
vt 0.000000 0.000000
vt 0.000000 0.000000
vt 0.000000 0.000000
vt 0.000000 0.000000
vt 0.000000 0.000000
vt 0.000000 0.000000
vt 0.000000 0.000000
vt 0.000000 0.000000
vt 0.000000 0.000000
vt 0.000000 0.000000
vt 0.000000 0.000000
vt 0.000000 0.000000
vt 0.000000 0.000000
vt 0.000000 0.000000
vt 0.000000 0.000000
vt 0.000000 0.000000
vt 0.000000 0.000000
vt 0.000000 0.000000
vt 0.000000 0.000000
vt 0.000000 0.000000
vt 0.000000 0.000000
vt 0.000000 0.000000
vt 0.000000 0.000000
vt 0.000000 0.000000
vt 0.000000 0.000000
vt 0.000000 0.000000
vt 0.000000 0.000000
vt 0.000000 0.000000
vt 0.000000 0.000000
vt 0.000000 0.000000
vt 0.000000 0.000000
vt 0.000000 0.000000
vt 0.000000 0.000000
vt 0.000000 0.000000
vt 0.000000 0.000000
vt 0.000000 0.000000
vt 0.000000 0.000000
vt 0.000000 0.000000
vt 0.000000 0.000000
vt 0.000000 0.000000
vt 0.000000 0.000000
vt 0.000000 0.000000
vt 0.000000 0.000000
vt 0.000000 0.000000
vt 0.000000 0.000000
vt 0.000000 0.000000
vt 0.000000 0.000000
vt 0.000000 0.000000
vt 0.000000 0.000000
vt 0.000000 0.000000
vt 0.000000 0.000000
vt 0.000000 0.000000
vt 0.000000 0.000000
vt 0.000000 0.000000
vt 0.000000 0.000000
vt 0.000000 0.000000
vt 0.000000 0.000000
vt 0.000000 0.000000
vt 0.000000 0.000000
vt 0.000000 0.000000
vt 0.000000 0.000000
vt 0.000000 0.000000
vt 0.000000 0.000000
vt 0.000000 0.000000
vt 0.000000 0.000000
vt 0.000000 0.000000
vt 0.000000 0.000000
vt 0.000000 0.000000
vt 0.000000 0.000000
vt 0.000000 0.000000
vt 0.000000 0.000000
vt 0.000000 0.000000
vt 0.000000 0.000000
vt 0.000000 0.000000
vt 0.000000 0.000000
vt 0.000000 0.000000
vt 0.000000 0.000000
vt 0.000000 0.000000
vt 0.000000 0.000000
vt 0.000000 0.000000
vt 0.000000 0.000000
vt 0.000000 0.000000
vt 0.000000 0.000000
vt 0.000000 0.000000
vt 0.000000 0.000000
vt 0.000000 0.000000
vt 0.000000 0.000000
vt 0.000000 0.000000
vt 0.000000 0.000000
vt 0.000000 0.000000
vt 0.000000 0.000000
vt 0.000000 0.000000
vt 0.000000 0.000000
vt 0.000000 0.000000
vt 0.000000 0.000000
vt 0.000000 0.000000
vt 0.000000 0.000000
vt 0.000000 0.000000
vt 0.000000 0.000000
vt 0.000000 0.000000
vt 0.000000 0.000000
vt 0.000000 0.000000
vt 0.000000 0.000000
vt 0.000000 0.000000
vt 0.000000 0.000000
vt 0.000000 0.000000
vt 0.000000 0.000000
vt 0.000000 0.000000
vt 0.000000 0.000000
vt 0.000000 0.000000
vt 0.000000 0.000000
vt 0.000000 0.000000
vt 0.000000 0.000000
vt 0.000000 0.000000
vt 0.000000 0.000000
vt 0.000000 0.000000
vt 0.000000 0.000000
vt 0.000000 0.000000
vt 0.000000 0.000000
vt 0.000000 0.000000
vt 0.000000 0.000000
vt 0.000000 0.000000
vt 0.000000 0.000000
vt 0.000000 0.000000
vt 0.000000 0.000000
vt 0.000000 0.000000
vt 0.000000 0.000000
vt 0.000000 0.000000
vt 0.000000 0.000000
vt 0.000000 0.000000
vt 0.000000 0.000000
vt 0.000000 0.000000
vt 0.000000 0.000000
vt 0.000000 0.000000
vt 0.000000 0.000000
vt 0.000000 0.000000
vt 0.000000 0.000000
vt 0.000000 0.000000
vt 0.000000 0.000000
vt 0.000000 0.000000
vt 0.000000 0.000000
vt 0.000000 0.000000
vt 0.000000 0.000000
vt 0.000000 0.000000
vt 0.000000 0.000000
vt 0.000000 0.000000
vt 0.000000 0.000000
vt 0.000000 0.000000
vt 0.000000 0.000000
vt 0.000000 0.000000
vt 0.000000 0.000000
vt 0.000000 0.000000
vt 0.000000 0.000000
vt 0.000000 0.000000
vt 0.000000 0.000000
vt 0.000000 0.000000
vt 0.000000 0.000000
vt 0.000000 0.000000
vt 0.000000 0.000000
vt 0.000000 0.000000
vt 0.000000 0.000000
vt 0.000000 0.000000
vt 0.000000 0.000000
vt 0.000000 0.000000
vt 0.000000 0.000000
vt 0.000000 0.000000
vt 0.000000 0.000000
vt 0.000000 0.000000
vt 0.000000 0.000000
vt 0.000000 0.000000
vt 0.000000 0.000000
vt 0.000000 0.000000
vt 0.000000 0.000000
vt 0.000000 0.000000
vt 0.000000 0.000000
vt 0.000000 0.000000
vt 0.000000 0.000000
vt 0.000000 0.000000
vt 0.000000 0.000000
vt 0.000000 0.000000
vt 0.000000 0.000000
vt 0.000000 0.000000
vt 0.000000 0.000000
vt 0.000000 0.000000
vt 0.000000 0.000000
vt 0.000000 0.000000
vt 0.000000 0.000000
vt 0.000000 0.000000
vt 0.000000 0.000000
vt 0.000000 0.000000
vt 0.000000 0.000000
vt 0.000000 0.000000
vt 0.000000 0.000000
vt 0.000000 0.000000
vt 0.000000 0.000000
vt 0.000000 0.000000
vt 0.000000 0.000000
vt 0.000000 0.000000
vt 0.000000 0.000000
vt 0.000000 0.000000
vt 0.000000 0.000000
vt 0.000000 0.000000
vt 0.000000 0.000000
vt 0.000000 0.000000
vt 0.000000 0.000000
vt 0.000000 0.000000
vt 0.000000 0.000000
vt 0.000000 0.000000
vt 0.000000 0.000000
vt 0.000000 0.000000
vt 0.000000 0.000000
vt 0.000000 0.000000
vt 0.000000 0.000000
vt 0.000000 0.000000
vt 0.000000 0.000000
vt 0.000000 0.000000
vt 0.000000 0.000000
vt 0.000000 0.000000
vt 0.000000 0.000000
vt 0.000000 0.000000
vt 0.000000 0.000000
vt 0.000000 0.000000
vt 0.000000 0.000000
vt 0.000000 0.000000
vt 0.000000 0.000000
vt 0.000000 0.000000
vt 0.000000 0.000000
vt 0.000000 0.000000
vt 0.000000 0.000000
vt 0.000000 0.000000
vt 0.000000 0.000000
vt 0.000000 0.000000
vt 0.000000 0.000000
vt 0.000000 0.000000
vt 0.000000 0.000000
vt 0.000000 0.000000
vt 0.000000 0.000000
vt 0.000000 0.000000
vt 0.000000 0.000000
vt 0.000000 0.000000
vt 0.000000 0.000000
vt 0.000000 0.000000
vt 0.000000 0.000000
vt 0.000000 0.000000
vt 0.000000 0.000000
vt 0.000000 0.000000
vt 0.000000 0.000000
vt 0.000000 0.000000
vt 0.000000 0.000000
vt 0.000000 0.000000
vt 0.000000 0.000000
vt 0.000000 0.000000
vt 0.000000 0.000000
vt 0.000000 0.000000
vt 0.000000 0.000000
vt 0.000000 0.000000
vt 0.000000 0.000000
vt 0.000000 0.000000
vt 0.000000 0.000000
vt 0.000000 0.000000
vt 0.000000 0.000000
vt 0.000000 0.000000
vt 0.000000 0.000000
vt 0.000000 0.000000
vt 0.000000 0.000000
vt 0.000000 0.000000
vt 0.000000 0.000000
vt 0.000000 0.000000
vt 0.000000 0.000000
vt 0.000000 0.000000
vt 0.000000 0.000000
vt 0.000000 0.000000
vt 0.000000 0.000000
vt 0.000000 0.000000
vt 0.000000 0.000000
vt 0.000000 0.000000
vt 0.000000 0.000000
vt 0.000000 0.000000
vt 0.000000 0.000000
vt 0.000000 0.000000
vt 0.000000 0.000000
vt 0.000000 0.000000
vt 0.000000 0.000000
vt 0.000000 0.000000
vt 0.000000 0.000000
vt 0.000000 0.000000
vt 0.000000 0.000000
vt 0.000000 0.000000
vt 0.000000 0.000000
vt 0.000000 0.000000
vt 0.000000 0.000000
vt 0.000000 0.000000
vt 0.000000 0.000000
vt 0.000000 0.000000
vt 0.000000 0.000000
vt 0.000000 0.000000
vt 0.000000 0.000000
vt 0.000000 0.000000
vt 0.000000 0.000000
vt 0.000000 0.000000
vt 0.000000 0.000000
vt 0.000000 0.000000
vt 0.000000 0.000000
vt 0.000000 0.000000
vt 0.000000 0.000000
vt 0.000000 0.000000
vt 0.000000 0.000000
vt 0.000000 0.000000
vt 0.000000 0.000000
vt 0.000000 0.000000
vt 0.000000 0.000000
vt 0.181719 0.550287
vt 0.176933 0.549335
vt 0.172424 0.547468
vt 0.168366 0.544756
vt 0.164915 0.541306
vt 0.162204 0.537248
vt 0.160337 0.532739
vt 0.159385 0.527953
vt 0.159385 0.523073
vt 0.160337 0.518286
vt 0.162204 0.513778
vt 0.164916 0.509720
vt 0.168366 0.506269
vt 0.172424 0.503558
vt 0.176933 0.501690
vt 0.181719 0.500738
vt 0.186599 0.500738
vt 0.191385 0.501690
vt 0.195894 0.503558
vt 0.199952 0.506269
vt 0.203403 0.509720
vt 0.206114 0.513778
vt 0.207981 0.518286
vt 0.208933 0.523073
vt 0.208933 0.527953
vt 0.207981 0.532739
vt 0.206114 0.537248
vt 0.203403 0.541305
vt 0.199952 0.544756
vt 0.195894 0.547468
vt 0.191385 0.549335
vt 0.186599 0.550287
vt 0.023016 0.562035
vt 0.019533 0.560419
vt 0.019564 0.560361
vt 0.023039 0.561973
vt 0.905275 0.001806
vt 0.913963 0.001910
vt 0.913963 0.499751
vt 0.905275 0.499647
vt 0.792339 0.000457
vt 0.801026 0.000561
vt 0.801027 0.498401
vt 0.792339 0.498297
vt 0.801026 0.500768
vt 0.809714 0.500872
vt 0.809714 0.998713
vt 0.801026 0.998609
vt 0.922650 0.002014
vt 0.922650 0.499855
vt 0.809714 0.000664
vt 0.809714 0.498505
vt 0.818401 0.500976
vt 0.818401 0.998816
vt 0.931338 0.002118
vt 0.931338 0.499958
vt 0.818401 0.000768
vt 0.818401 0.498609
vt 0.827089 0.501080
vt 0.827089 0.998920
vt 0.827089 0.000872
vt 0.827089 0.498713
vt 0.835776 0.501183
vt 0.835776 0.999024
vt 0.835776 0.000976
vt 0.835776 0.498816
vt 0.844464 0.501287
vt 0.844464 0.999128
vt 0.844463 0.001080
vt 0.844464 0.498920
vt 0.853151 0.501391
vt 0.853151 0.999232
vt 0.853151 0.001183
vt 0.853151 0.499024
vt 0.861838 0.501495
vt 0.861838 0.999335
vt 0.861838 0.001287
vt 0.861838 0.499128
vt 0.870526 0.501599
vt 0.870526 0.999439
vt 0.870526 0.001391
vt 0.870526 0.499232
vt 0.879213 0.501702
vt 0.879213 0.999543
vt 0.879213 0.001495
vt 0.879213 0.499335
vt 0.887901 0.501806
vt 0.887901 0.999647
vt 0.887901 0.001599
vt 0.887901 0.499439
vt 0.896588 0.501910
vt 0.896588 0.999751
vt 0.774964 0.500457
vt 0.783652 0.500561
vt 0.783652 0.998401
vt 0.774964 0.998298
vt 0.896588 0.001702
vt 0.896588 0.499543
vt 0.774964 0.000249
vt 0.783652 0.000353
vt 0.783652 0.498193
vt 0.774964 0.498089
vt 0.792339 0.500664
vt 0.792339 0.998505
vt 0.006699 0.526505
vt 0.005610 0.530343
vt 0.000788 0.529418
vt 0.001924 0.524931
vt 0.008332 0.522787
vt 0.003699 0.520524
vt 0.010484 0.519261
vt 0.006123 0.516294
vt 0.013040 0.515971
vt 0.009165 0.512406
vt 0.016027 0.513054
vt 0.012701 0.509002
vt 0.019381 0.510585
vt 0.016658 0.506130
vt 0.023033 0.508607
vt 0.020957 0.503841
vt 0.026926 0.507158
vt 0.025505 0.502174
vt 0.031031 0.506358
vt 0.030282 0.501113
vt 0.035232 0.506033
vt 0.035223 0.500738
vt 0.039474 0.506392
vt 0.040210 0.501032
vt 0.043669 0.507233
vt 0.045173 0.502050
vt 0.047729 0.508621
vt 0.049915 0.503748
vt 0.051517 0.510428
vt 0.054322 0.506089
vt 0.048380 0.559497
vt 0.051177 0.557364
vt 0.054322 0.560567
vt 0.050932 0.563297
vt 0.045259 0.561329
vt 0.047245 0.565420
vt 0.041818 0.562644
vt 0.043288 0.567055
vt 0.038161 0.563488
vt 0.039042 0.568172
vt 0.034359 0.563840
vt 0.034567 0.568711
vt 0.030509 0.563762
vt 0.030006 0.568602
vt 0.026698 0.563158
vt 0.025531 0.567860
vt 0.021217 0.566513
vt 0.017146 0.564590
vt 0.016309 0.558334
vt 0.013400 0.562139
vt 0.013450 0.555733
vt 0.009976 0.559184
vt 0.010889 0.552799
vt 0.006970 0.555728
vt 0.008813 0.549455
vt 0.004434 0.551870
vt 0.007124 0.545879
vt 0.002447 0.547630
vt 0.005935 0.542100
vt 0.001080 0.543179
vt 0.005282 0.538203
vt 0.000345 0.538599
vt 0.005172 0.534263
vt 0.000249 0.533980
vt 0.546824 0.582501
vt 0.546824 0.578607
vt 0.556782 0.578607
vt 0.556782 0.582501
vt 0.035232 0.506106
vt 0.031041 0.506429
vt 0.016349 0.558281
vt 0.039464 0.506464
vt 0.013498 0.555686
vt 0.043650 0.507304
vt 0.010943 0.552758
vt 0.047701 0.508690
vt 0.008873 0.549423
vt 0.051486 0.510495
vt 0.006764 0.526528
vt 0.005677 0.530355
vt 0.007187 0.545853
vt 0.048345 0.559446
vt 0.051140 0.557317
vt 0.008395 0.522819
vt 0.006001 0.542084
vt 0.045231 0.561272
vt 0.010543 0.519301
vt 0.005349 0.538196
vt 0.041799 0.562583
vt 0.013094 0.516018
vt 0.005240 0.534266
vt 0.038150 0.563424
vt 0.016074 0.513109
vt 0.034356 0.563774
vt 0.019419 0.510645
vt 0.030515 0.563696
vt 0.023063 0.508672
vt 0.026713 0.563093
vt 0.026946 0.507227
vt 0.497380 0.535857
vt 0.494627 0.533104
vt 0.492464 0.529866
vt 0.490974 0.526269
vt 0.490214 0.522451
vt 0.490214 0.518557
vt 0.490973 0.514739
vt 0.492463 0.511141
vt 0.494626 0.507904
vt 0.497380 0.505151
vt 0.500617 0.502988
vt 0.504214 0.501498
vt 0.508033 0.500738
vt 0.511926 0.500738
vt 0.515745 0.501498
vt 0.519342 0.502988
vt 0.522579 0.505151
vt 0.525332 0.507904
vt 0.527495 0.511141
vt 0.528985 0.514738
vt 0.529745 0.518557
vt 0.529745 0.522451
vt 0.528985 0.526269
vt 0.527495 0.529866
vt 0.525332 0.533104
vt 0.522579 0.535857
vt 0.519342 0.538020
vt 0.515745 0.539510
vt 0.511926 0.540269
vt 0.508033 0.540269
vt 0.504214 0.539510
vt 0.500617 0.538020
vt 0.546824 0.508525
vt 0.546824 0.504632
vt 0.556782 0.504632
vt 0.556782 0.508525
vt 0.546824 0.574714
vt 0.556782 0.574714
vt 0.546824 0.500738
vt 0.556782 0.500738
vt 0.546824 0.555247
vt 0.546824 0.551353
vt 0.556782 0.551353
vt 0.556782 0.555247
vt 0.546824 0.570821
vt 0.556782 0.570821
vt 0.546824 0.625329
vt 0.546824 0.621436
vt 0.556782 0.621435
vt 0.556782 0.625329
vt 0.546824 0.547460
vt 0.556782 0.547460
vt 0.546824 0.566927
vt 0.556782 0.566927
vt 0.546824 0.617542
vt 0.556782 0.617542
vt 0.546824 0.543566
vt 0.556782 0.543566
vt 0.546824 0.563034
vt 0.556782 0.563034
vt 0.546824 0.613649
vt 0.556782 0.613648
vt 0.546824 0.539673
vt 0.556782 0.539673
vt 0.546824 0.559140
vt 0.556782 0.559140
vt 0.546824 0.609755
vt 0.556782 0.609755
vt 0.546824 0.535779
vt 0.556782 0.535779
vt 0.546824 0.605862
vt 0.556782 0.605862
vt 0.546824 0.531886
vt 0.556782 0.531886
vt 0.546824 0.601968
vt 0.556782 0.601968
vt 0.546824 0.527993
vt 0.556782 0.527993
vt 0.546824 0.598075
vt 0.556782 0.598075
vt 0.546824 0.524099
vt 0.556782 0.524099
vt 0.546824 0.594181
vt 0.556782 0.594181
vt 0.546824 0.520206
vt 0.556782 0.520206
vt 0.546824 0.590288
vt 0.556782 0.590288
vt 0.546824 0.516312
vt 0.556782 0.516312
vt 0.546824 0.586394
vt 0.556782 0.586394
vt 0.546824 0.512419
vt 0.556782 0.512419
vt 0.114868 0.509720
vt 0.118319 0.506269
vt 0.122376 0.503558
vt 0.126885 0.501691
vt 0.131671 0.500738
vt 0.136551 0.500738
vt 0.141338 0.501690
vt 0.145847 0.503558
vt 0.149904 0.506269
vt 0.153355 0.509720
vt 0.156066 0.513777
vt 0.157934 0.518286
vt 0.158886 0.523072
vt 0.158886 0.527953
vt 0.157934 0.532739
vt 0.156067 0.537248
vt 0.153355 0.541305
vt 0.149905 0.544756
vt 0.145847 0.547467
vt 0.141338 0.549335
vt 0.136552 0.550287
vt 0.131672 0.550287
vt 0.126885 0.549335
vt 0.122377 0.547468
vt 0.118319 0.544756
vt 0.114868 0.541306
vt 0.112157 0.537248
vt 0.110289 0.532739
vt 0.109337 0.527953
vt 0.109337 0.523073
vt 0.110289 0.518287
vt 0.112157 0.513778
vt 0.404639 0.527567
vt 0.404572 0.527559
vt 0.404583 0.523676
vt 0.404651 0.523670
vt 0.322205 0.002093
vt 0.322205 0.499898
vt 0.313517 0.499967
vt 0.313517 0.002161
vt 0.435149 0.001205
vt 0.435149 0.499011
vt 0.426461 0.499079
vt 0.426461 0.001274
vt 0.548094 0.000318
vt 0.548094 0.498123
vt 0.539406 0.498191
vt 0.539406 0.000386
vt 0.304829 0.500035
vt 0.304829 0.002230
vt 0.417773 0.499147
vt 0.417773 0.001342
vt 0.530718 0.498259
vt 0.530718 0.000454
vt 0.296141 0.500103
vt 0.296141 0.002298
vt 0.409085 0.499215
vt 0.409085 0.001410
vt 0.522030 0.498328
vt 0.522030 0.000522
vt 0.400397 0.499284
vt 0.400397 0.001478
vt 0.513342 0.498396
vt 0.513342 0.000591
vt 0.391709 0.499352
vt 0.391709 0.001547
vt 0.504654 0.498464
vt 0.504654 0.000659
vt 0.383021 0.499420
vt 0.383021 0.001615
vt 0.495966 0.498533
vt 0.495966 0.000727
vt 0.374333 0.499489
vt 0.374333 0.001683
vt 0.487278 0.498601
vt 0.487278 0.000796
vt 0.365645 0.499557
vt 0.365645 0.001752
vt 0.478590 0.498669
vt 0.478590 0.000864
vt 0.356957 0.499625
vt 0.356957 0.001820
vt 0.469902 0.498737
vt 0.469902 0.000932
vt 0.348269 0.499693
vt 0.348269 0.001888
vt 0.461213 0.498806
vt 0.461214 0.001001
vt 0.339581 0.499762
vt 0.339581 0.001957
vt 0.452525 0.498874
vt 0.452526 0.001069
vt 0.287453 0.500171
vt 0.287453 0.002366
vt 0.330893 0.499830
vt 0.330893 0.002025
vt 0.443837 0.498942
vt 0.443837 0.001137
vt 0.278765 0.500240
vt 0.278765 0.002435
vt 0.556782 0.000249
vt 0.556782 0.498055
vt 0.375260 0.508067
vt 0.372894 0.503591
vt 0.377408 0.501723
vt 0.378878 0.506542
vt 0.372008 0.510266
vt 0.368797 0.506321
vt 0.369252 0.513054
vt 0.365301 0.509835
vt 0.367080 0.516306
vt 0.362574 0.513965
vt 0.365596 0.519918
vt 0.360738 0.518526
vt 0.364856 0.523742
vt 0.359841 0.523335
vt 0.364882 0.527627
vt 0.359904 0.528205
vt 0.365671 0.531424
vt 0.360907 0.532942
vt 0.367210 0.534980
vt 0.362827 0.537406
vt 0.369404 0.538161
vt 0.365590 0.541410
vt 0.372193 0.540836
vt 0.369108 0.544784
vt 0.375448 0.542902
vt 0.373235 0.547388
vt 0.379056 0.544280
vt 0.377764 0.549102
vt 0.382888 0.544908
vt 0.382491 0.549914
vt 0.386778 0.545008
vt 0.387230 0.549927
vt 0.390576 0.544348
vt 0.391908 0.549095
vt 0.394158 0.542944
vt 0.396376 0.547386
vt 0.397395 0.540854
vt 0.400474 0.544802
vt 0.400157 0.538157
vt 0.404005 0.541407
vt 0.402346 0.534959
vt 0.406792 0.537351
vt 0.403862 0.531380
vt 0.408693 0.532830
vt 0.409656 0.528032
vt 0.409656 0.523146
vt 0.403897 0.519840
vt 0.408708 0.518369
vt 0.402378 0.516244
vt 0.406838 0.513853
vt 0.400208 0.512986
vt 0.404115 0.509764
vt 0.397412 0.510238
vt 0.400627 0.506287
vt 0.394146 0.508058
vt 0.396505 0.503543
vt 0.390513 0.506556
vt 0.391935 0.501674
vt 0.386658 0.505792
vt 0.387101 0.500738
vt 0.382730 0.505788
vt 0.382193 0.500761
vt 0.567238 0.602414
vt 0.557281 0.602414
vt 0.557281 0.598520
vt 0.567238 0.598520
vt 0.367269 0.534949
vt 0.369456 0.538118
vt 0.403832 0.519859
vt 0.372236 0.540783
vt 0.402318 0.516276
vt 0.375480 0.542842
vt 0.400154 0.513029
vt 0.379075 0.544214
vt 0.397368 0.510291
vt 0.382890 0.544840
vt 0.378897 0.506608
vt 0.375292 0.508128
vt 0.394113 0.508118
vt 0.386775 0.544942
vt 0.372051 0.510319
vt 0.390493 0.506622
vt 0.390560 0.544283
vt 0.369305 0.513098
vt 0.386650 0.505860
vt 0.394129 0.542883
vt 0.367140 0.516339
vt 0.382736 0.505857
vt 0.397354 0.540800
vt 0.365661 0.519939
vt 0.400106 0.538112
vt 0.364923 0.523749
vt 0.402287 0.534925
vt 0.364950 0.527621
vt 0.403797 0.531359
vt 0.365736 0.531405
vt 0.450944 0.514739
vt 0.452434 0.511141
vt 0.454597 0.507904
vt 0.457350 0.505151
vt 0.460587 0.502988
vt 0.464184 0.501498
vt 0.468003 0.500738
vt 0.471897 0.500738
vt 0.475715 0.501498
vt 0.479312 0.502988
vt 0.482550 0.505151
vt 0.485303 0.507904
vt 0.487466 0.511141
vt 0.488956 0.514738
vt 0.489715 0.518557
vt 0.489715 0.522450
vt 0.488956 0.526269
vt 0.487466 0.529866
vt 0.485303 0.533103
vt 0.482550 0.535857
vt 0.479312 0.538020
vt 0.475715 0.539510
vt 0.471897 0.540269
vt 0.468003 0.540269
vt 0.464185 0.539510
vt 0.460587 0.538020
vt 0.457350 0.535857
vt 0.454597 0.533104
vt 0.452434 0.529866
vt 0.450944 0.526269
vt 0.450184 0.522451
vt 0.450184 0.518557
vt 0.567238 0.528438
vt 0.557281 0.528438
vt 0.557281 0.524544
vt 0.567238 0.524544
vt 0.557281 0.594627
vt 0.567238 0.594627
vt 0.557281 0.520651
vt 0.567238 0.520651
vt 0.567238 0.575159
vt 0.557280 0.575159
vt 0.557281 0.571266
vt 0.567238 0.571266
vt 0.557280 0.590733
vt 0.567238 0.590733
vt 0.557281 0.516758
vt 0.567238 0.516758
vt 0.557281 0.567373
vt 0.567238 0.567373
vt 0.557280 0.586840
vt 0.567238 0.586840
vt 0.557281 0.512864
vt 0.567238 0.512864
vt 0.557281 0.563479
vt 0.567238 0.563479
vt 0.557280 0.582946
vt 0.567238 0.582946
vt 0.557281 0.508971
vt 0.567238 0.508971
vt 0.557281 0.559586
vt 0.567238 0.559586
vt 0.557280 0.579053
vt 0.567238 0.579053
vt 0.557281 0.505077
vt 0.567238 0.505077
vt 0.557281 0.555692
vt 0.567238 0.555692
vt 0.557281 0.501184
vt 0.567238 0.501184
vt 0.557281 0.551799
vt 0.567238 0.551799
vt 0.567238 0.625774
vt 0.557281 0.625774
vt 0.557281 0.621881
vt 0.567238 0.621881
vt 0.557281 0.547905
vt 0.567238 0.547905
vt 0.557281 0.617987
vt 0.567238 0.617987
vt 0.557281 0.544012
vt 0.567238 0.544012
vt 0.557281 0.614094
vt 0.567238 0.614094
vt 0.557281 0.540118
vt 0.567238 0.540118
vt 0.557281 0.610201
vt 0.567238 0.610201
vt 0.557281 0.536225
vt 0.567238 0.536225
vt 0.557281 0.606307
vt 0.567238 0.606307
vt 0.557281 0.532331
vt 0.567238 0.532331
vn 0.0000 1.0000 -0.0000
vn 0.0000 0.0000 1.0000
vn -0.4714 0.0000 -0.8819
vn -0.0980 0.0000 0.9952
vn 0.6344 -0.0000 -0.7730
vn -0.2903 0.0000 -0.9569
vn -0.2903 0.0000 0.9569
vn 0.7730 -0.0000 -0.6344
vn -0.0980 0.0000 -0.9952
vn -0.4714 0.0000 0.8819
vn 0.8819 -0.0000 -0.4714
vn -0.6344 0.0000 0.7730
vn 0.9569 -0.0000 -0.2903
vn -0.7730 0.0000 0.6344
vn 0.9952 -0.0000 -0.0980
vn -0.8819 0.0000 0.4714
vn 0.9952 -0.0000 0.0980
vn -0.9569 0.0000 0.2903
vn 0.9569 -0.0000 0.2903
vn -0.9952 0.0000 0.0980
vn 0.8819 -0.0000 0.4714
vn -0.9952 0.0000 -0.0980
vn 0.7730 -0.0000 0.6344
vn -0.9569 0.0000 -0.2903
vn 0.6344 -0.0000 0.7730
vn -0.8819 0.0000 -0.4714
vn 0.4714 -0.0000 0.8819
vn 0.0980 -0.0000 -0.9952
vn -0.7730 0.0000 -0.6344
vn 0.2903 -0.0000 0.9569
vn 0.2903 -0.0000 -0.9569
vn -0.6344 0.0000 -0.7730
vn 0.0980 -0.0000 0.9952
vn 0.4714 -0.0000 -0.8819
vn -0.0000 -1.0000 -0.0000
g table_table_legs_tableleg
usemtl tableleg
s off
f 122/166/103 121/167/103 152/168/103 151/169/103 150/170/103 149/171/103 148/172/103 147/173/103 146/174/103 145/175/103 144/176/103 143/177/103 142/178/103 141/179/103 140/180/103 139/181/103 138/182/103 137/183/103 136/184/103 135/185/103 134/186/103 133/187/103 132/188/103 131/189/103 130/190/103 129/191/103 128/192/103 127/193/103 126/194/103 125/195/103 124/196/103 123/197/103
f 175/198/104 176/199/104 240/200/104 239/201/104
f 150/170/105 151/169/105 215/202/105 214/203/105
f 137/183/106 138/182/106 202/204/106 201/205/106
f 124/196/107 125/195/107 189/206/107 188/207/107
f 151/169/108 152/168/108 216/208/108 215/202/108
f 138/182/109 139/181/109 203/209/109 202/204/109
f 125/195/110 126/194/110 190/210/110 189/206/110
f 152/168/111 121/167/111 186/211/111 216/208/111
f 139/181/112 140/180/112 204/212/112 203/209/112
f 126/194/113 127/193/113 191/213/113 190/210/113
f 140/180/114 141/179/114 205/214/114 204/212/114
f 127/193/115 128/192/115 192/215/115 191/213/115
f 141/179/116 142/178/116 206/216/116 205/214/116
f 128/192/117 129/191/117 193/217/117 192/215/117
f 142/178/118 143/177/118 207/218/118 206/216/118
f 129/191/119 130/190/119 194/219/119 193/217/119
f 143/177/120 144/176/120 208/220/120 207/218/120
f 130/190/121 131/189/121 195/221/121 194/219/121
f 144/176/122 145/175/122 209/222/122 208/220/122
f 131/189/123 132/188/123 196/223/123 195/221/123
f 145/175/124 146/174/124 210/224/124 209/222/124
f 132/188/125 133/187/125 197/225/125 196/223/125
f 146/174/126 147/173/126 211/226/126 210/224/126
f 133/187/127 134/186/127 198/227/127 197/225/127
f 147/173/128 148/172/128 212/228/128 211/226/128
f 134/186/129 135/185/129 199/229/129 198/227/129
f 121/167/130 122/166/130 185/230/130 186/211/130
f 148/172/131 149/171/131 213/231/131 212/228/131
f 135/185/132 136/184/132 200/232/132 199/229/132
f 122/166/133 123/197/133 187/233/133 185/230/133
f 149/171/134 150/170/134 214/203/134 213/231/134
f 136/184/135 137/183/135 201/205/135 200/232/135
f 123/197/136 124/196/136 188/207/136 187/233/136
f 153/234/137 154/235/137 186/211/137 185/230/137
f 155/236/137 153/234/137 185/230/137 187/233/137
f 156/237/137 155/236/137 187/233/137 188/207/137
f 157/238/137 156/237/137 188/207/137 189/206/137
f 158/239/137 157/238/137 189/206/137 190/210/137
f 159/240/137 158/239/137 190/210/137 191/213/137
f 160/241/137 159/240/137 191/213/137 192/215/137
f 161/242/137 160/241/137 192/215/137 193/217/137
f 162/243/137 161/242/137 193/217/137 194/219/137
f 163/244/137 162/243/137 194/219/137 195/221/137
f 164/245/137 163/244/137 195/221/137 196/223/137
f 165/246/137 164/245/137 196/223/137 197/225/137
f 166/247/137 165/246/137 197/225/137 198/227/137
f 167/248/137 166/247/137 198/227/137 199/229/137
f 168/249/137 167/248/137 199/229/137 200/232/137
f 169/250/137 168/249/137 200/232/137 201/205/137
f 170/251/137 169/250/137 201/205/137 202/204/137
f 171/252/137 170/251/137 202/204/137 203/209/137
f 172/253/137 171/252/137 203/209/137 204/212/137
f 173/254/137 172/253/137 204/212/137 205/214/137
f 174/255/137 173/254/137 205/214/137 206/216/137
f 175/198/137 174/255/137 206/216/137 207/218/137
f 176/199/137 175/198/137 207/218/137 208/220/137
f 177/256/137 176/199/137 208/220/137 209/222/137
f 178/257/137 177/256/137 209/222/137 210/224/137
f 179/258/137 178/257/137 210/224/137 211/226/137
f 180/259/137 179/258/137 211/226/137 212/228/137
f 181/260/137 180/259/137 212/228/137 213/231/137
f 182/261/137 181/260/137 213/231/137 214/203/137
f 183/262/137 182/261/137 214/203/137 215/202/137
f 184/263/137 183/262/137 215/202/137 216/208/137
f 154/235/137 184/263/137 216/208/137 186/211/137
f 242/264/121 243/265/121 275/266/121 274/267/121
f 162/243/104 163/244/104 227/268/104 226/269/104
f 176/199/104 177/256/104 241/270/104 240/200/104
f 163/244/104 164/245/104 228/271/104 227/268/104
f 177/256/104 178/257/104 242/264/104 241/270/104
f 164/245/104 165/246/104 229/272/104 228/271/104
f 178/257/104 179/258/104 243/265/104 242/264/104
f 165/246/104 166/247/104 230/273/104 229/272/104
f 179/258/104 180/259/104 244/274/104 243/265/104
f 166/247/104 167/248/104 231/275/104 230/273/104
f 154/235/104 153/234/104 217/276/104 218/277/104
f 180/259/104 181/260/104 245/278/104 244/274/104
f 167/248/104 168/249/104 232/279/104 231/275/104
f 153/234/104 155/236/104 219/280/104 217/276/104
f 181/260/104 182/261/104 246/281/104 245/278/104
f 168/249/104 169/250/104 233/282/104 232/279/104
f 155/236/104 156/237/104 220/283/104 219/280/104
f 182/261/104 183/262/104 247/284/104 246/281/104
f 169/250/104 170/251/104 234/285/104 233/282/104
f 156/237/104 157/238/104 221/286/104 220/283/104
f 183/262/104 184/263/104 248/287/104 247/284/104
f 170/251/104 171/252/104 235/288/104 234/285/104
f 157/238/104 158/239/104 222/289/104 221/286/104
f 184/263/104 154/235/104 218/277/104 248/287/104
f 171/252/104 172/253/104 236/290/104 235/288/104
f 158/239/104 159/240/104 223/291/104 222/289/104
f 172/253/104 173/254/104 237/292/104 236/290/104
f 159/240/104 160/241/104 224/293/104 223/291/104
f 173/254/104 174/255/104 238/294/104 237/292/104
f 160/241/104 161/242/104 225/295/104 224/293/104
f 174/255/104 175/198/104 239/201/104 238/294/104
f 161/242/104 162/243/104 226/269/104 225/295/104
f 249/296/137 251/297/137 252/298/137 253/299/137 254/300/137 255/301/137 256/302/137 257/303/137 258/304/137 259/305/137 260/306/137 261/307/137 262/308/137 263/309/137 264/310/137 265/311/137 266/312/137 267/313/137 268/314/137 269/315/137 270/316/137 271/317/137 272/318/137 273/319/137 274/267/137 275/266/137 276/320/137 277/321/137 278/322/137 279/323/137 280/324/137 250/325/137
f 229/272/134 230/273/134 262/308/134 261/307/134
f 243/265/123 244/274/123 276/320/123 275/266/123
f 230/273/105 231/275/105 263/309/105 262/308/105
f 218/277/106 217/276/106 249/296/106 250/325/106
f 244/274/125 245/278/125 277/321/125 276/320/125
f 231/275/108 232/279/108 264/310/108 263/309/108
f 217/276/109 219/280/109 251/297/109 249/296/109
f 245/278/127 246/281/127 278/322/127 277/321/127
f 232/279/111 233/282/111 265/311/111 264/310/111
f 219/280/112 220/283/112 252/298/112 251/297/112
f 246/281/129 247/284/129 279/323/129 278/322/129
f 233/282/130 234/285/130 266/312/130 265/311/130
f 220/283/114 221/286/114 253/299/114 252/298/114
f 247/284/132 248/287/132 280/324/132 279/323/132
f 234/285/133 235/288/133 267/313/133 266/312/133
f 221/286/116 222/289/116 254/300/116 253/299/116
f 248/287/135 218/277/135 250/325/135 280/324/135
f 235/288/136 236/290/136 268/314/136 267/313/136
f 222/289/118 223/291/118 255/301/118 254/300/118
f 236/290/107 237/292/107 269/315/107 268/314/107
f 223/291/120 224/293/120 256/302/120 255/301/120
f 237/292/110 238/294/110 270/316/110 269/315/110
f 224/293/122 225/295/122 257/303/122 256/302/122
f 238/294/113 239/201/113 271/317/113 270/316/113
f 225/295/124 226/269/124 258/304/124 257/303/124
f 239/201/115 240/200/115 272/318/115 271/317/115
f 226/269/126 227/268/126 259/305/126 258/304/126
f 240/200/117 241/270/117 273/319/117 272/318/117
f 227/268/128 228/271/128 260/306/128 259/305/128
f 241/270/119 242/264/119 274/267/119 273/319/119
f 228/271/131 229/272/131 261/307/131 260/306/131
f 282/326/103 283/327/103 284/328/103 285/329/103 286/330/103 287/331/103 288/332/103 289/333/103 290/334/103 291/335/103 292/336/103 293/337/103 294/338/103 295/339/103 296/340/103 297/341/103 298/342/103 299/343/103 300/344/103 301/345/103 302/346/103 303/347/103 304/348/103 305/349/103 306/350/103 307/351/103 308/352/103 309/353/103 310/354/103 311/355/103 312/356/103 281/357/103
f 335/358/104 399/359/104 400/360/104 336/361/104
f 310/354/136 374/362/136 375/363/136 311/355/136
f 297/341/135 361/364/135 362/365/135 298/342/135
f 284/328/134 348/366/134 349/367/134 285/329/134
f 311/355/133 375/363/133 376/368/133 312/356/133
f 298/342/132 362/365/132 363/369/132 299/343/132
f 285/329/131 349/367/131 350/370/131 286/330/131
f 312/356/130 376/368/130 346/371/130 281/357/130
f 299/343/129 363/369/129 364/372/129 300/344/129
f 286/330/128 350/370/128 351/373/128 287/331/128
f 300/344/127 364/372/127 365/374/127 301/345/127
f 287/331/126 351/373/126 352/375/126 288/332/126
f 301/345/125 365/374/125 366/376/125 302/346/125
f 288/332/124 352/375/124 353/377/124 289/333/124
f 302/346/123 366/376/123 367/378/123 303/347/123
f 289/333/122 353/377/122 354/379/122 290/334/122
f 303/347/121 367/378/121 368/380/121 304/348/121
f 290/334/120 354/379/120 355/381/120 291/335/120
f 304/348/119 368/380/119 369/382/119 305/349/119
f 291/335/118 355/381/118 356/383/118 292/336/118
f 305/349/117 369/382/117 370/384/117 306/350/117
f 292/336/116 356/383/116 357/385/116 293/337/116
f 306/350/115 370/384/115 371/386/115 307/351/115
f 293/337/114 357/385/114 358/387/114 294/338/114
f 307/351/113 371/386/113 372/388/113 308/352/113
f 294/338/112 358/387/112 359/389/112 295/339/112
f 281/357/111 346/371/111 345/390/111 282/326/111
f 308/352/110 372/388/110 373/391/110 309/353/110
f 295/339/109 359/389/109 360/392/109 296/340/109
f 282/326/108 345/390/108 347/393/108 283/327/108
f 309/353/107 373/391/107 374/362/107 310/354/107
f 296/340/106 360/392/106 361/364/106 297/341/106
f 283/327/105 347/393/105 348/366/105 284/328/105
f 313/394/137 345/390/137 346/371/137 314/395/137
f 315/396/137 347/393/137 345/390/137 313/394/137
f 316/397/137 348/366/137 347/393/137 315/396/137
f 317/398/137 349/367/137 348/366/137 316/397/137
f 318/399/137 350/370/137 349/367/137 317/398/137
f 319/400/137 351/373/137 350/370/137 318/399/137
f 320/401/137 352/375/137 351/373/137 319/400/137
f 321/402/137 353/377/137 352/375/137 320/401/137
f 322/403/137 354/379/137 353/377/137 321/402/137
f 323/404/137 355/381/137 354/379/137 322/403/137
f 324/405/137 356/383/137 355/381/137 323/404/137
f 325/406/137 357/385/137 356/383/137 324/405/137
f 326/407/137 358/387/137 357/385/137 325/406/137
f 327/408/137 359/389/137 358/387/137 326/407/137
f 328/409/137 360/392/137 359/389/137 327/408/137
f 329/410/137 361/364/137 360/392/137 328/409/137
f 330/411/137 362/365/137 361/364/137 329/410/137
f 331/412/137 363/369/137 362/365/137 330/411/137
f 332/413/137 364/372/137 363/369/137 331/412/137
f 333/414/137 365/374/137 364/372/137 332/413/137
f 334/415/137 366/376/137 365/374/137 333/414/137
f 335/358/137 367/378/137 366/376/137 334/415/137
f 336/361/137 368/380/137 367/378/137 335/358/137
f 337/416/137 369/382/137 368/380/137 336/361/137
f 338/417/137 370/384/137 369/382/137 337/416/137
f 339/418/137 371/386/137 370/384/137 338/417/137
f 340/419/137 372/388/137 371/386/137 339/418/137
f 341/420/137 373/391/137 372/388/137 340/419/137
f 342/421/137 374/362/137 373/391/137 341/420/137
f 343/422/137 375/363/137 374/362/137 342/421/137
f 344/423/137 376/368/137 375/363/137 343/422/137
f 314/395/137 346/371/137 376/368/137 344/423/137
f 402/424/120 434/425/120 435/426/120 403/427/120
f 322/403/104 386/428/104 387/429/104 323/404/104
f 336/361/104 400/360/104 401/430/104 337/416/104
f 323/404/104 387/429/104 388/431/104 324/405/104
f 337/416/104 401/430/104 402/424/104 338/417/104
f 324/405/104 388/431/104 389/432/104 325/406/104
f 338/417/104 402/424/104 403/427/104 339/418/104
f 325/406/104 389/432/104 390/433/104 326/407/104
f 339/418/104 403/427/104 404/434/104 340/419/104
f 326/407/104 390/433/104 391/435/104 327/408/104
f 314/395/104 378/436/104 377/437/104 313/394/104
f 340/419/104 404/434/104 405/438/104 341/420/104
f 327/408/104 391/435/104 392/439/104 328/409/104
f 313/394/104 377/437/104 379/440/104 315/396/104
f 341/420/104 405/438/104 406/441/104 342/421/104
f 328/409/104 392/439/104 393/442/104 329/410/104
f 315/396/104 379/440/104 380/443/104 316/397/104
f 342/421/104 406/441/104 407/444/104 343/422/104
f 329/410/104 393/442/104 394/445/104 330/411/104
f 316/397/104 380/443/104 381/446/104 317/398/104
f 343/422/104 407/444/104 408/447/104 344/423/104
f 330/411/104 394/445/104 395/448/104 331/412/104
f 317/398/104 381/446/104 382/449/104 318/399/104
f 344/423/104 408/447/104 378/436/104 314/395/104
f 331/412/104 395/448/104 396/450/104 332/413/104
f 318/399/104 382/449/104 383/451/104 319/400/104
f 332/413/104 396/450/104 397/452/104 333/414/104
f 319/400/104 383/451/104 384/453/104 320/401/104
f 333/414/104 397/452/104 398/454/104 334/415/104
f 320/401/104 384/453/104 385/455/104 321/402/104
f 334/415/104 398/454/104 399/359/104 335/358/104
f 321/402/104 385/455/104 386/428/104 322/403/104
f 409/456/137 410/457/137 440/458/137 439/459/137 438/460/137 437/461/137 436/462/137 435/426/137 434/425/137 433/463/137 432/464/137 431/465/137 430/466/137 429/467/137 428/468/137 427/469/137 426/470/137 425/471/137 424/472/137 423/473/137 422/474/137 421/475/137 420/476/137 419/477/137 418/478/137 417/479/137 416/480/137 415/481/137 414/482/137 413/483/137 412/484/137 411/485/137
f 389/432/107 421/475/107 422/474/107 390/433/107
f 403/427/118 435/426/118 436/462/118 404/434/118
f 390/433/136 422/474/136 423/473/136 391/435/136
f 378/436/135 410/457/135 409/456/135 377/437/135
f 404/434/116 436/462/116 437/461/116 405/438/116
f 391/435/133 423/473/133 424/472/133 392/439/133
f 377/437/132 409/456/132 411/485/132 379/440/132
f 405/438/114 437/461/114 438/460/114 406/441/114
f 392/439/130 424/472/130 425/471/130 393/442/130
f 379/440/129 411/485/129 412/484/129 380/443/129
f 406/441/112 438/460/112 439/459/112 407/444/112
f 393/442/111 425/471/111 426/470/111 394/445/111
f 380/443/127 412/484/127 413/483/127 381/446/127
f 407/444/109 439/459/109 440/458/109 408/447/109
f 394/445/108 426/470/108 427/469/108 395/448/108
f 381/446/125 413/483/125 414/482/125 382/449/125
f 408/447/106 440/458/106 410/457/106 378/436/106
f 395/448/105 427/469/105 428/468/105 396/450/105
f 382/449/123 414/482/123 415/481/123 383/451/123
f 396/450/134 428/468/134 429/467/134 397/452/134
f 383/451/121 415/481/121 416/480/121 384/453/121
f 397/452/131 429/467/131 430/466/131 398/454/131
f 384/453/119 416/480/119 417/479/119 385/455/119
f 398/454/128 430/466/128 431/465/128 399/359/128
f 385/455/117 417/479/117 418/478/117 386/428/117
f 399/359/126 431/465/126 432/464/126 400/360/126
f 386/428/115 418/478/115 419/477/115 387/429/115
f 400/360/124 432/464/124 433/463/124 401/430/124
f 387/429/113 419/477/113 420/476/113 388/431/113
f 401/430/122 433/463/122 434/425/122 402/424/122
f 388/431/110 420/476/110 421/475/110 389/432/110
f 442/486/103 443/487/103 444/488/103 445/489/103 446/490/103 447/491/103 448/492/103 449/493/103 450/494/103 451/495/103 452/496/103 453/497/103 454/498/103 455/499/103 456/500/103 457/501/103 458/502/103 459/503/103 460/504/103 461/505/103 462/506/103 463/507/103 464/508/103 465/509/103 466/510/103 467/511/103 468/512/103 469/513/103 470/514/103 471/515/103 472/516/103 441/517/103
f 495/518/104 559/519/104 560/520/104 496/521/104
f 470/522/136 534/523/136 535/524/136 471/525/136
f 457/526/135 521/527/135 522/528/135 458/529/135
f 444/530/134 508/531/134 509/532/134 445/533/134
f 471/525/133 535/524/133 536/534/133 472/535/133
f 458/529/132 522/528/132 523/536/132 459/537/132
f 445/533/131 509/532/131 510/538/131 446/539/131
f 472/535/130 536/534/130 506/540/130 441/541/130
f 459/537/129 523/536/129 524/542/129 460/543/129
f 446/539/128 510/538/128 511/544/128 447/545/128
f 460/543/127 524/542/127 525/546/127 461/547/127
f 447/545/126 511/544/126 512/548/126 448/549/126
f 461/547/125 525/546/125 526/550/125 462/551/125
f 448/549/124 512/548/124 513/552/124 449/553/124
f 462/551/123 526/550/123 527/554/123 463/555/123
f 449/553/122 513/552/122 514/556/122 450/557/122
f 463/555/121 527/554/121 528/558/121 464/559/121
f 450/557/120 514/556/120 515/560/120 451/561/120
f 464/559/119 528/558/119 529/562/119 465/563/119
f 451/564/118 515/565/118 516/566/118 452/567/118
f 465/563/117 529/562/117 530/568/117 466/569/117
f 452/567/116 516/566/116 517/570/116 453/571/116
f 466/569/115 530/568/115 531/572/115 467/573/115
f 453/571/114 517/570/114 518/574/114 454/575/114
f 467/573/113 531/572/113 532/576/113 468/577/113
f 454/575/112 518/574/112 519/578/112 455/579/112
f 441/541/111 506/540/111 505/580/111 442/581/111
f 468/577/110 532/576/110 533/582/110 469/583/110
f 455/579/109 519/578/109 520/584/109 456/585/109
f 442/581/108 505/580/108 507/586/108 443/587/108
f 469/583/107 533/582/107 534/523/107 470/522/107
f 456/585/106 520/584/106 521/527/106 457/526/106
f 443/587/105 507/586/105 508/531/105 444/530/105
f 473/588/137 505/589/137 506/590/137 474/591/137
f 475/592/137 507/593/137 505/589/137 473/588/137
f 476/594/137 508/595/137 507/593/137 475/592/137
f 477/596/137 509/597/137 508/595/137 476/594/137
f 478/598/137 510/599/137 509/597/137 477/596/137
f 479/600/137 511/601/137 510/599/137 478/598/137
f 480/602/137 512/603/137 511/601/137 479/600/137
f 481/604/137 513/605/137 512/603/137 480/602/137
f 482/606/137 514/607/137 513/605/137 481/604/137
f 483/608/137 515/609/137 514/607/137 482/606/137
f 484/610/137 516/611/137 515/609/137 483/608/137
f 485/612/137 517/613/137 516/611/137 484/610/137
f 486/614/137 518/615/137 517/613/137 485/612/137
f 487/616/137 519/617/137 518/615/137 486/614/137
f 488/618/137 520/619/137 519/617/137 487/616/137
f 489/620/137 521/621/137 520/619/137 488/618/137
f 490/622/137 522/623/137 521/621/137 489/620/137
f 491/624/137 523/625/137 522/623/137 490/622/137
f 492/626/137 524/627/137 523/625/137 491/624/137
f 493/628/137 525/629/137 524/627/137 492/626/137
f 494/630/137 526/631/137 525/629/137 493/628/137
f 495/518/137 527/632/137 526/631/137 494/630/137
f 496/521/137 528/633/137 527/632/137 495/518/137
f 497/634/137 529/635/137 528/633/137 496/521/137
f 498/636/137 530/637/137 529/635/137 497/634/137
f 499/638/137 531/639/137 530/637/137 498/636/137
f 500/640/137 532/641/137 531/639/137 499/638/137
f 501/642/137 533/643/137 532/641/137 500/640/137
f 502/644/137 534/645/137 533/643/137 501/642/137
f 503/646/137 535/647/137 534/645/137 502/644/137
f 504/648/137 536/649/137 535/647/137 503/646/137
f 474/591/137 506/590/137 536/649/137 504/648/137
f 562/650/120 594/651/120 595/652/120 563/653/120
f 482/606/104 546/654/104 547/655/104 483/608/104
f 496/521/104 560/520/104 561/656/104 497/634/104
f 483/608/104 547/655/104 548/657/104 484/610/104
f 497/634/104 561/656/104 562/658/104 498/636/104
f 484/610/104 548/657/104 549/659/104 485/612/104
f 498/636/104 562/658/104 563/660/104 499/638/104
f 485/612/104 549/659/104 550/661/104 486/614/104
f 499/638/104 563/660/104 564/662/104 500/640/104
f 486/614/104 550/661/104 551/663/104 487/616/104
f 474/591/104 538/664/104 537/665/104 473/588/104
f 500/640/104 564/662/104 565/666/104 501/642/104
f 487/616/104 551/663/104 552/667/104 488/618/104
f 473/588/104 537/665/104 539/668/104 475/592/104
f 501/642/104 565/666/104 566/669/104 502/644/104
f 488/618/104 552/667/104 553/670/104 489/620/104
f 475/592/104 539/668/104 540/671/104 476/594/104
f 502/644/104 566/669/104 567/672/104 503/646/104
f 489/620/104 553/670/104 554/673/104 490/622/104
f 476/594/104 540/671/104 541/674/104 477/596/104
f 503/646/104 567/672/104 568/675/104 504/648/104
f 490/622/104 554/673/104 555/676/104 491/624/104
f 477/596/104 541/674/104 542/677/104 478/598/104
f 504/648/104 568/675/104 538/664/104 474/591/104
f 491/624/104 555/676/104 556/678/104 492/626/104
f 478/598/104 542/677/104 543/679/104 479/600/104
f 492/626/104 556/678/104 557/680/104 493/628/104
f 479/600/104 543/679/104 544/681/104 480/602/104
f 493/628/104 557/680/104 558/682/104 494/630/104
f 480/602/104 544/681/104 545/683/104 481/604/104
f 494/630/104 558/682/104 559/519/104 495/518/104
f 481/604/104 545/683/104 546/654/104 482/606/104
f 569/684/137 570/685/137 600/686/137 599/687/137 598/688/137 597/689/137 596/690/137 595/691/137 594/692/137 593/693/137 592/694/137 591/695/137 590/696/137 589/697/137 588/698/137 587/699/137 586/700/137 585/701/137 584/702/137 583/703/137 582/704/137 581/705/137 580/706/137 579/707/137 578/708/137 577/709/137 576/710/137 575/711/137 574/712/137 573/713/137 572/714/137 571/715/137
f 549/716/107 581/717/107 582/718/107 550/719/107
f 563/653/118 595/652/118 596/720/118 564/721/118
f 550/719/136 582/718/136 583/722/136 551/723/136
f 538/724/135 570/725/135 569/726/135 537/727/135
f 564/721/116 596/720/116 597/728/116 565/729/116
f 551/723/133 583/722/133 584/730/133 552/731/133
f 537/727/132 569/726/132 571/732/132 539/733/132
f 565/729/114 597/728/114 598/734/114 566/735/114
f 552/731/130 584/730/130 585/736/130 553/737/130
f 539/733/129 571/732/129 572/738/129 540/739/129
f 566/735/112 598/734/112 599/740/112 567/741/112
f 553/737/111 585/736/111 586/742/111 554/743/111
f 540/739/127 572/738/127 573/744/127 541/745/127
f 567/741/109 599/740/109 600/746/109 568/747/109
f 554/743/108 586/742/108 587/748/108 555/749/108
f 541/745/125 573/744/125 574/750/125 542/751/125
f 568/752/106 600/753/106 570/725/106 538/724/106
f 555/749/105 587/748/105 588/754/105 556/755/105
f 542/751/123 574/750/123 575/756/123 543/757/123
f 556/755/134 588/754/134 589/758/134 557/759/134
f 543/757/121 575/756/121 576/760/121 544/761/121
f 557/759/131 589/758/131 590/762/131 558/763/131
f 544/761/119 576/760/119 577/764/119 545/765/119
f 558/763/128 590/762/128 591/766/128 559/767/128
f 545/765/117 577/764/117 578/768/117 546/769/117
f 559/767/126 591/766/126 592/770/126 560/771/126
f 546/769/115 578/768/115 579/772/115 547/773/115
f 560/771/124 592/770/124 593/774/124 561/775/124
f 547/773/113 579/772/113 580/776/113 548/777/113
f 561/775/122 593/774/122 594/651/122 562/650/122
f 548/777/110 580/776/110 581/717/110 549/716/110
f 602/778/103 601/779/103 632/780/103 631/781/103 630/782/103 629/783/103 628/784/103 627/785/103 626/786/103 625/787/103 624/788/103 623/789/103 622/790/103 621/791/103 620/792/103 619/793/103 618/794/103 617/795/103 616/796/103 615/797/103 614/798/103 613/799/103 612/800/103 611/801/103 610/802/103 609/803/103 608/804/103 607/805/103 606/806/103 605/807/103 604/808/103 603/809/103
f 655/810/104 656/811/104 720/812/104 719/813/104
f 630/814/105 631/815/105 695/816/105 694/817/105
f 617/818/106 618/819/106 682/820/106 681/821/106
f 604/822/107 605/823/107 669/824/107 668/825/107
f 631/815/108 632/826/108 696/827/108 695/816/108
f 618/828/109 619/829/109 683/830/109 682/831/109
f 605/823/110 606/832/110 670/833/110 669/824/110
f 632/826/111 601/834/111 666/835/111 696/827/111
f 619/829/112 620/836/112 684/837/112 683/830/112
f 606/832/113 607/838/113 671/839/113 670/833/113
f 620/836/114 621/840/114 685/841/114 684/837/114
f 607/838/115 608/842/115 672/843/115 671/839/115
f 621/840/116 622/844/116 686/845/116 685/841/116
f 608/842/117 609/846/117 673/847/117 672/843/117
f 622/844/118 623/848/118 687/849/118 686/845/118
f 609/846/119 610/850/119 674/851/119 673/847/119
f 623/848/120 624/852/120 688/853/120 687/849/120
f 610/850/121 611/854/121 675/855/121 674/851/121
f 624/852/122 625/856/122 689/857/122 688/853/122
f 611/858/123 612/859/123 676/860/123 675/861/123
f 625/856/124 626/862/124 690/863/124 689/857/124
f 612/859/125 613/864/125 677/865/125 676/860/125
f 626/862/126 627/866/126 691/867/126 690/863/126
f 613/864/127 614/868/127 678/869/127 677/865/127
f 627/866/128 628/870/128 692/871/128 691/867/128
f 614/868/129 615/872/129 679/873/129 678/869/129
f 601/834/130 602/874/130 665/875/130 666/835/130
f 628/870/131 629/876/131 693/877/131 692/871/131
f 615/872/132 616/878/132 680/879/132 679/873/132
f 602/874/133 603/880/133 667/881/133 665/875/133
f 629/876/134 630/814/134 694/817/134 693/877/134
f 616/878/135 617/818/135 681/821/135 680/879/135
f 603/880/136 604/822/136 668/825/136 667/881/136
f 633/882/137 634/883/137 666/884/137 665/885/137
f 635/886/137 633/882/137 665/885/137 667/887/137
f 636/888/137 635/886/137 667/887/137 668/889/137
f 637/890/137 636/888/137 668/889/137 669/891/137
f 638/892/137 637/890/137 669/891/137 670/893/137
f 639/894/137 638/892/137 670/893/137 671/895/137
f 640/896/137 639/894/137 671/895/137 672/897/137
f 641/898/137 640/896/137 672/897/137 673/899/137
f 642/900/137 641/898/137 673/899/137 674/901/137
f 643/902/137 642/900/137 674/901/137 675/903/137
f 644/904/137 643/902/137 675/903/137 676/905/137
f 645/906/137 644/904/137 676/905/137 677/907/137
f 646/908/137 645/906/137 677/907/137 678/909/137
f 647/910/137 646/908/137 678/909/137 679/911/137
f 648/912/137 647/910/137 679/911/137 680/913/137
f 649/914/137 648/912/137 680/913/137 681/915/137
f 650/916/137 649/914/137 681/915/137 682/917/137
f 651/918/137 650/919/137 682/920/137 683/921/137
f 652/922/137 651/918/137 683/921/137 684/923/137
f 653/924/137 652/922/137 684/923/137 685/925/137
f 654/926/137 653/924/137 685/925/137 686/927/137
f 655/810/137 654/926/137 686/927/137 687/928/137
f 656/811/137 655/810/137 687/928/137 688/929/137
f 657/930/137 656/811/137 688/929/137 689/931/137
f 658/932/137 657/930/137 689/931/137 690/933/137
f 659/934/137 658/932/137 690/933/137 691/935/137
f 660/936/137 659/934/137 691/935/137 692/937/137
f 661/938/137 660/936/137 692/937/137 693/939/137
f 662/940/137 661/938/137 693/939/137 694/941/137
f 663/942/137 662/940/137 694/941/137 695/943/137
f 664/944/137 663/942/137 695/943/137 696/945/137
f 634/883/137 664/944/137 696/945/137 666/884/137
f 722/946/121 723/947/121 755/948/121 754/949/121
f 642/900/104 643/902/104 707/950/104 706/951/104
f 656/811/104 657/930/104 721/952/104 720/812/104
f 643/902/104 644/904/104 708/953/104 707/950/104
f 657/930/104 658/932/104 722/954/104 721/952/104
f 644/904/104 645/906/104 709/955/104 708/953/104
f 658/932/104 659/934/104 723/956/104 722/954/104
f 645/906/104 646/908/104 710/957/104 709/955/104
f 659/934/104 660/936/104 724/958/104 723/956/104
f 646/908/104 647/910/104 711/959/104 710/957/104
f 634/883/104 633/882/104 697/960/104 698/961/104
f 660/936/104 661/938/104 725/962/104 724/958/104
f 647/910/104 648/912/104 712/963/104 711/959/104
f 633/882/104 635/886/104 699/964/104 697/960/104
f 661/938/104 662/940/104 726/965/104 725/962/104
f 648/912/104 649/914/104 713/966/104 712/963/104
f 635/886/104 636/888/104 700/967/104 699/964/104
f 662/940/104 663/942/104 727/968/104 726/965/104
f 649/914/104 650/916/104 714/969/104 713/966/104
f 636/888/104 637/890/104 701/970/104 700/967/104
f 663/942/104 664/944/104 728/971/104 727/968/104
f 650/919/104 651/918/104 715/972/104 714/973/104
f 637/890/104 638/892/104 702/974/104 701/970/104
f 664/944/104 634/883/104 698/961/104 728/971/104
f 651/918/104 652/922/104 716/975/104 715/972/104
f 638/892/104 639/894/104 703/976/104 702/974/104
f 652/922/104 653/924/104 717/977/104 716/975/104
f 639/894/104 640/896/104 704/978/104 703/976/104
f 653/924/104 654/926/104 718/979/104 717/977/104
f 640/896/104 641/898/104 705/980/104 704/978/104
f 654/926/104 655/810/104 719/813/104 718/979/104
f 641/898/104 642/900/104 706/951/104 705/980/104
f 729/981/137 731/982/137 732/983/137 733/984/137 734/985/137 735/986/137 736/987/137 737/988/137 738/989/137 739/990/137 740/991/137 741/992/137 742/993/137 743/994/137 744/995/137 745/996/137 746/997/137 747/998/137 748/999/137 749/1000/137 750/1001/137 751/1002/137 752/1003/137 753/1004/137 754/1005/137 755/1006/137 756/1007/137 757/1008/137 758/1009/137 759/1010/137 760/1011/137 730/1012/137
f 709/1013/134 710/1014/134 742/1015/134 741/1016/134
f 723/947/123 724/1017/123 756/1018/123 755/948/123
f 710/1014/105 711/1019/105 743/1020/105 742/1015/105
f 698/1021/106 697/1022/106 729/1023/106 730/1024/106
f 724/1017/125 725/1025/125 757/1026/125 756/1018/125
f 711/1019/108 712/1027/108 744/1028/108 743/1020/108
f 697/1022/109 699/1029/109 731/1030/109 729/1023/109
f 725/1025/127 726/1031/127 758/1032/127 757/1026/127
f 712/1027/111 713/1033/111 745/1034/111 744/1028/111
f 699/1029/112 700/1035/112 732/1036/112 731/1030/112
f 726/1031/129 727/1037/129 759/1038/129 758/1032/129
f 713/1033/130 714/1039/130 746/1040/130 745/1034/130
f 700/1035/114 701/1041/114 733/1042/114 732/1036/114
f 727/1037/132 728/1043/132 760/1044/132 759/1038/132
f 714/1045/133 715/1046/133 747/1047/133 746/1048/133
f 701/1041/116 702/1049/116 734/1050/116 733/1042/116
f 728/1043/135 698/1021/135 730/1024/135 760/1044/135
f 715/1046/136 716/1051/136 748/1052/136 747/1047/136
f 702/1049/118 703/1053/118 735/1054/118 734/1050/118
f 716/1051/107 717/1055/107 749/1056/107 748/1052/107
f 703/1053/120 704/1057/120 736/1058/120 735/1054/120
f 717/1055/110 718/1059/110 750/1060/110 749/1056/110
f 704/1057/122 705/1061/122 737/1062/122 736/1058/122
f 718/1059/113 719/1063/113 751/1064/113 750/1060/113
f 705/1061/124 706/1065/124 738/1066/124 737/1062/124
f 719/1063/115 720/1067/115 752/1068/115 751/1064/115
f 706/1065/126 707/1069/126 739/1070/126 738/1066/126
f 720/1067/117 721/1071/117 753/1072/117 752/1068/117
f 707/1069/128 708/1073/128 740/1074/128 739/1070/128
f 721/1071/119 722/946/119 754/949/119 753/1072/119
f 708/1073/131 709/1013/131 741/1016/131 740/1074/131
f 762/1075/103 763/1076/103 764/1077/103 765/1078/103 766/1079/103 767/1080/103 768/1081/103 769/1082/103 770/1083/103 771/1084/103 772/1085/103 773/1086/103 774/1087/103 775/1088/103 776/1089/103 777/1090/103 778/1091/103 779/1092/103 780/1093/103 781/1094/103 782/1095/103 783/1096/103 784/1097/103 785/1098/103 786/1099/103 787/1100/103 788/1101/103 789/1102/103 790/1103/103 791/1104/103 792/1105/103 761/1106/103
f 815/1107/104 879/1108/104 880/1109/104 816/1110/104
f 790/1103/112 854/1111/112 855/1112/112 791/1104/112
f 777/1090/111 841/1113/111 842/1114/111 778/1091/111
f 764/1077/127 828/1115/127 829/1116/127 765/1078/127
f 791/1104/109 855/1112/109 856/1117/109 792/1105/109
f 778/1091/108 842/1114/108 843/1118/108 779/1092/108
f 765/1078/125 829/1116/125 830/1119/125 766/1079/125
f 792/1105/106 856/1117/106 826/1120/106 761/1106/106
f 779/1092/105 843/1118/105 844/1121/105 780/1093/105
f 766/1079/123 830/1119/123 831/1122/123 767/1080/123
f 780/1093/134 844/1121/134 845/1123/134 781/1094/134
f 767/1080/121 831/1122/121 832/1124/121 768/1081/121
f 781/1094/131 845/1123/131 846/1125/131 782/1095/131
f 768/1081/119 832/1124/119 833/1126/119 769/1082/119
f 782/1095/128 846/1125/128 847/1127/128 783/1096/128
f 769/1082/117 833/1126/117 834/1128/117 770/1083/117
f 783/1096/126 847/1127/126 848/1129/126 784/1097/126
f 770/1083/115 834/1128/115 835/1130/115 771/1084/115
f 784/1097/124 848/1129/124 849/1131/124 785/1098/124
f 771/1084/113 835/1130/113 836/1132/113 772/1085/113
f 785/1098/122 849/1131/122 850/1133/122 786/1099/122
f 772/1085/110 836/1132/110 837/1134/110 773/1086/110
f 786/1099/120 850/1133/120 851/1135/120 787/1100/120
f 773/1086/107 837/1134/107 838/1136/107 774/1087/107
f 787/1100/118 851/1135/118 852/1137/118 788/1101/118
f 774/1087/136 838/1136/136 839/1138/136 775/1088/136
f 761/1106/135 826/1120/135 825/1139/135 762/1075/135
f 788/1101/116 852/1137/116 853/1140/116 789/1102/116
f 775/1088/133 839/1138/133 840/1141/133 776/1089/133
f 762/1075/132 825/1139/132 827/1142/132 763/1076/132
f 789/1102/114 853/1140/114 854/1111/114 790/1103/114
f 776/1089/130 840/1141/130 841/1113/130 777/1090/130
f 763/1076/129 827/1142/129 828/1115/129 764/1077/129
f 793/1143/137 825/1139/137 826/1120/137 794/1144/137
f 795/1145/137 827/1142/137 825/1139/137 793/1143/137
f 796/1146/137 828/1115/137 827/1142/137 795/1145/137
f 797/1147/137 829/1116/137 828/1115/137 796/1146/137
f 798/1148/137 830/1119/137 829/1116/137 797/1147/137
f 799/1149/137 831/1122/137 830/1119/137 798/1148/137
f 800/1150/137 832/1124/137 831/1122/137 799/1149/137
f 801/1151/137 833/1126/137 832/1124/137 800/1150/137
f 802/1152/137 834/1128/137 833/1126/137 801/1151/137
f 803/1153/137 835/1130/137 834/1128/137 802/1152/137
f 804/1154/137 836/1132/137 835/1130/137 803/1153/137
f 805/1155/137 837/1134/137 836/1132/137 804/1154/137
f 806/1156/137 838/1136/137 837/1134/137 805/1155/137
f 807/1157/137 839/1138/137 838/1136/137 806/1156/137
f 808/1158/137 840/1141/137 839/1138/137 807/1157/137
f 809/1159/137 841/1113/137 840/1141/137 808/1158/137
f 810/1160/137 842/1114/137 841/1113/137 809/1159/137
f 811/1161/137 843/1118/137 842/1114/137 810/1160/137
f 812/1162/137 844/1121/137 843/1118/137 811/1161/137
f 813/1163/137 845/1123/137 844/1121/137 812/1162/137
f 814/1164/137 846/1125/137 845/1123/137 813/1163/137
f 815/1107/137 847/1127/137 846/1125/137 814/1164/137
f 816/1110/137 848/1129/137 847/1127/137 815/1107/137
f 817/1165/137 849/1131/137 848/1129/137 816/1110/137
f 818/1166/137 850/1133/137 849/1131/137 817/1165/137
f 819/1167/137 851/1135/137 850/1133/137 818/1166/137
f 820/1168/137 852/1137/137 851/1135/137 819/1167/137
f 821/1169/137 853/1140/137 852/1137/137 820/1168/137
f 822/1170/137 854/1111/137 853/1140/137 821/1169/137
f 823/1171/137 855/1112/137 854/1111/137 822/1170/137
f 824/1172/137 856/1117/137 855/1112/137 823/1171/137
f 794/1144/137 826/1120/137 856/1117/137 824/1172/137
f 882/1173/115 914/1174/115 915/1175/115 883/1176/115
f 802/1152/104 866/1177/104 867/1178/104 803/1153/104
f 816/1110/104 880/1109/104 881/1179/104 817/1165/104
f 803/1153/104 867/1178/104 868/1180/104 804/1154/104
f 817/1165/104 881/1179/104 882/1173/104 818/1166/104
f 804/1154/104 868/1180/104 869/1181/104 805/1155/104
f 818/1166/104 882/1173/104 883/1176/104 819/1167/104
f 805/1155/104 869/1181/104 870/1182/104 806/1156/104
f 819/1167/104 883/1176/104 884/1183/104 820/1168/104
f 806/1156/104 870/1182/104 871/1184/104 807/1157/104
f 794/1144/104 858/1185/104 857/1186/104 793/1143/104
f 820/1168/104 884/1183/104 885/1187/104 821/1169/104
f 807/1157/104 871/1184/104 872/1188/104 808/1158/104
f 793/1143/104 857/1186/104 859/1189/104 795/1145/104
f 821/1169/104 885/1187/104 886/1190/104 822/1170/104
f 808/1158/104 872/1188/104 873/1191/104 809/1159/104
f 795/1145/104 859/1189/104 860/1192/104 796/1146/104
f 822/1170/104 886/1190/104 887/1193/104 823/1171/104
f 809/1159/104 873/1191/104 874/1194/104 810/1160/104
f 796/1146/104 860/1192/104 861/1195/104 797/1147/104
f 823/1171/104 887/1193/104 888/1196/104 824/1172/104
f 810/1160/104 874/1194/104 875/1197/104 811/1161/104
f 797/1147/104 861/1195/104 862/1198/104 798/1148/104
f 824/1172/104 888/1196/104 858/1185/104 794/1144/104
f 811/1161/104 875/1197/104 876/1199/104 812/1162/104
f 798/1148/104 862/1198/104 863/1200/104 799/1149/104
f 812/1162/104 876/1199/104 877/1201/104 813/1163/104
f 799/1149/104 863/1200/104 864/1202/104 800/1150/104
f 813/1163/104 877/1201/104 878/1203/104 814/1164/104
f 800/1150/104 864/1202/104 865/1204/104 801/1151/104
f 814/1164/104 878/1203/104 879/1108/104 815/1107/104
f 801/1151/104 865/1204/104 866/1177/104 802/1152/104
f 889/1205/137 890/1206/137 920/1207/137 919/1208/137 918/1209/137 917/1210/137 916/1211/137 915/1175/137 914/1174/137 913/1212/137 912/1213/137 911/1214/137 910/1215/137 909/1216/137 908/1217/137 907/1218/137 906/1219/137 905/1220/137 904/1221/137 903/1222/137 902/1223/137 901/1224/137 900/1225/137 899/1226/137 898/1227/137 897/1228/137 896/1229/137 895/1230/137 894/1231/137 893/1232/137 892/1233/137 891/1234/137
f 869/1181/114 901/1224/114 902/1223/114 870/1182/114
f 883/1176/113 915/1175/113 916/1211/113 884/1183/113
f 870/1182/112 902/1223/112 903/1222/112 871/1184/112
f 858/1185/111 890/1206/111 889/1205/111 857/1186/111
f 884/1183/110 916/1211/110 917/1210/110 885/1187/110
f 871/1184/109 903/1222/109 904/1221/109 872/1188/109
f 857/1186/108 889/1205/108 891/1234/108 859/1189/108
f 885/1187/107 917/1210/107 918/1209/107 886/1190/107
f 872/1188/106 904/1221/106 905/1220/106 873/1191/106
f 859/1189/105 891/1234/105 892/1233/105 860/1192/105
f 886/1190/136 918/1209/136 919/1208/136 887/1193/136
f 873/1191/135 905/1220/135 906/1219/135 874/1194/135
f 860/1192/134 892/1233/134 893/1232/134 861/1195/134
f 887/1193/133 919/1208/133 920/1207/133 888/1196/133
f 874/1194/132 906/1219/132 907/1218/132 875/1197/132
f 861/1195/131 893/1232/131 894/1231/131 862/1198/131
f 888/1196/130 920/1207/130 890/1206/130 858/1185/130
f 875/1197/129 907/1218/129 908/1217/129 876/1199/129
f 862/1198/128 894/1231/128 895/1230/128 863/1200/128
f 876/1199/127 908/1217/127 909/1216/127 877/1201/127
f 863/1200/126 895/1230/126 896/1229/126 864/1202/126
f 877/1201/125 909/1216/125 910/1215/125 878/1203/125
f 864/1202/124 896/1229/124 897/1228/124 865/1204/124
f 878/1203/123 910/1215/123 911/1214/123 879/1108/123
f 865/1204/122 897/1228/122 898/1227/122 866/1177/122
f 879/1108/121 911/1214/121 912/1213/121 880/1109/121
f 866/1177/120 898/1227/120 899/1226/120 867/1178/120
f 880/1109/119 912/1213/119 913/1212/119 881/1179/119
f 867/1178/118 899/1226/118 900/1225/118 868/1180/118
f 881/1179/117 913/1212/117 914/1174/117 882/1173/117
f 868/1180/116 900/1225/116 901/1224/116 869/1181/116
f 922/1235/103 921/1236/103 952/1237/103 951/1238/103 950/1239/103 949/1240/103 948/1241/103 947/1242/103 946/1243/103 945/1244/103 944/1245/103 943/1246/103 942/1247/103 941/1248/103 940/1249/103 939/1250/103 938/1251/103 937/1252/103 936/1253/103 935/1254/103 934/1255/103 933/1256/103 932/1257/103 931/1258/103 930/1259/103 929/1260/103 928/1261/103 927/1262/103 926/1263/103 925/1264/103 924/1265/103 923/1266/103
f 975/1267/104 976/1268/104 1040/1269/104 1039/1270/104
f 950/1239/129 951/1238/129 1015/1271/129 1014/1272/129
f 937/1252/130 938/1251/130 1002/1273/130 1001/1274/130
f 924/1265/114 925/1264/114 989/1275/114 988/1276/114
f 951/1238/132 952/1237/132 1016/1277/132 1015/1271/132
f 938/1251/133 939/1250/133 1003/1278/133 1002/1273/133
f 925/1264/116 926/1263/116 990/1279/116 989/1275/116
f 952/1237/135 921/1236/135 986/1280/135 1016/1277/135
f 939/1250/136 940/1249/136 1004/1281/136 1003/1278/136
f 926/1263/118 927/1262/118 991/1282/118 990/1279/118
f 940/1249/107 941/1248/107 1005/1283/107 1004/1281/107
f 927/1262/120 928/1261/120 992/1284/120 991/1282/120
f 941/1248/110 942/1247/110 1006/1285/110 1005/1283/110
f 928/1261/122 929/1260/122 993/1286/122 992/1284/122
f 942/1247/113 943/1246/113 1007/1287/113 1006/1285/113
f 929/1260/124 930/1259/124 994/1288/124 993/1286/124
f 943/1246/115 944/1245/115 1008/1289/115 1007/1287/115
f 930/1259/126 931/1258/126 995/1290/126 994/1288/126
f 944/1245/117 945/1244/117 1009/1291/117 1008/1289/117
f 931/1258/128 932/1257/128 996/1292/128 995/1290/128
f 945/1244/119 946/1243/119 1010/1293/119 1009/1291/119
f 932/1257/131 933/1256/131 997/1294/131 996/1292/131
f 946/1243/121 947/1242/121 1011/1295/121 1010/1293/121
f 933/1256/134 934/1255/134 998/1296/134 997/1294/134
f 947/1242/123 948/1241/123 1012/1297/123 1011/1295/123
f 934/1255/105 935/1254/105 999/1298/105 998/1296/105
f 921/1236/106 922/1235/106 985/1299/106 986/1280/106
f 948/1241/125 949/1240/125 1013/1300/125 1012/1297/125
f 935/1254/108 936/1253/108 1000/1301/108 999/1298/108
f 922/1235/109 923/1266/109 987/1302/109 985/1299/109
f 949/1240/127 950/1239/127 1014/1272/127 1013/1300/127
f 936/1253/111 937/1252/111 1001/1274/111 1000/1301/111
f 923/1266/112 924/1265/112 988/1276/112 987/1302/112
f 953/1303/137 954/1304/137 986/1280/137 985/1299/137
f 955/1305/137 953/1303/137 985/1299/137 987/1302/137
f 956/1306/137 955/1305/137 987/1302/137 988/1276/137
f 957/1307/137 956/1306/137 988/1276/137 989/1275/137
f 958/1308/137 957/1307/137 989/1275/137 990/1279/137
f 959/1309/137 958/1308/137 990/1279/137 991/1282/137
f 960/1310/137 959/1309/137 991/1282/137 992/1284/137
f 961/1311/137 960/1310/137 992/1284/137 993/1286/137
f 962/1312/137 961/1311/137 993/1286/137 994/1288/137
f 963/1313/137 962/1312/137 994/1288/137 995/1290/137
f 964/1314/137 963/1313/137 995/1290/137 996/1292/137
f 965/1315/137 964/1314/137 996/1292/137 997/1294/137
f 966/1316/137 965/1315/137 997/1294/137 998/1296/137
f 967/1317/137 966/1316/137 998/1296/137 999/1298/137
f 968/1318/137 967/1317/137 999/1298/137 1000/1301/137
f 969/1319/137 968/1318/137 1000/1301/137 1001/1274/137
f 970/1320/137 969/1319/137 1001/1274/137 1002/1273/137
f 971/1321/137 970/1320/137 1002/1273/137 1003/1278/137
f 972/1322/137 971/1321/137 1003/1278/137 1004/1281/137
f 973/1323/137 972/1322/137 1004/1281/137 1005/1283/137
f 974/1324/137 973/1323/137 1005/1283/137 1006/1285/137
f 975/1267/137 974/1324/137 1006/1285/137 1007/1287/137
f 976/1268/137 975/1267/137 1007/1287/137 1008/1289/137
f 977/1325/137 976/1268/137 1008/1289/137 1009/1291/137
f 978/1326/137 977/1325/137 1009/1291/137 1010/1293/137
f 979/1327/137 978/1326/137 1010/1293/137 1011/1295/137
f 980/1328/137 979/1327/137 1011/1295/137 1012/1297/137
f 981/1329/137 980/1328/137 1012/1297/137 1013/1300/137
f 982/1330/137 981/1329/137 1013/1300/137 1014/1272/137
f 983/1331/137 982/1330/137 1014/1272/137 1015/1271/137
f 984/1332/137 983/1331/137 1015/1271/137 1016/1277/137
f 954/1304/137 984/1332/137 1016/1277/137 986/1280/137
f 1042/1333/126 1043/1334/126 1075/1335/126 1074/1336/126
f 962/1312/104 963/1313/104 1027/1337/104 1026/1338/104
f 976/1268/104 977/1325/104 1041/1339/104 1040/1269/104
f 963/1313/104 964/1314/104 1028/1340/104 1027/1337/104
f 977/1325/104 978/1326/104 1042/1333/104 1041/1339/104
f 964/1314/104 965/1315/104 1029/1341/104 1028/1340/104
f 978/1326/104 979/1327/104 1043/1334/104 1042/1333/104
f 965/1315/104 966/1316/104 1030/1342/104 1029/1341/104
f 979/1327/104 980/1328/104 1044/1343/104 1043/1334/104
f 966/1316/104 967/1317/104 1031/1344/104 1030/1342/104
f 954/1304/104 953/1303/104 1017/1345/104 1018/1346/104
f 980/1328/104 981/1329/104 1045/1347/104 1044/1343/104
f 967/1317/104 968/1318/104 1032/1348/104 1031/1344/104
f 953/1303/104 955/1305/104 1019/1349/104 1017/1345/104
f 981/1329/104 982/1330/104 1046/1350/104 1045/1347/104
f 968/1318/104 969/1319/104 1033/1351/104 1032/1348/104
f 955/1305/104 956/1306/104 1020/1352/104 1019/1349/104
f 982/1330/104 983/1331/104 1047/1353/104 1046/1350/104
f 969/1319/104 970/1320/104 1034/1354/104 1033/1351/104
f 956/1306/104 957/1307/104 1021/1355/104 1020/1352/104
f 983/1331/104 984/1332/104 1048/1356/104 1047/1353/104
f 970/1320/104 971/1321/104 1035/1357/104 1034/1354/104
f 957/1307/104 958/1308/104 1022/1358/104 1021/1355/104
f 984/1332/104 954/1304/104 1018/1346/104 1048/1356/104
f 971/1321/104 972/1322/104 1036/1359/104 1035/1357/104
f 958/1308/104 959/1309/104 1023/1360/104 1022/1358/104
f 972/1322/104 973/1323/104 1037/1361/104 1036/1359/104
f 959/1309/104 960/1310/104 1024/1362/104 1023/1360/104
f 973/1323/104 974/1324/104 1038/1363/104 1037/1361/104
f 960/1310/104 961/1311/104 1025/1364/104 1024/1362/104
f 974/1324/104 975/1267/104 1039/1270/104 1038/1363/104
f 961/1311/104 962/1312/104 1026/1338/104 1025/1364/104
f 1049/1365/137 1051/1366/137 1052/1367/137 1053/1368/137 1054/1369/137 1055/1370/137 1056/1371/137 1057/1372/137 1058/1373/137 1059/1374/137 1060/1375/137 1061/1376/137 1062/1377/137 1063/1378/137 1064/1379/137 1065/1380/137 1066/1381/137 1067/1382/137 1068/1383/137 1069/1384/137 1070/1385/137 1071/1386/137 1072/1387/137 1073/1388/137 1074/1336/137 1075/1335/137 1076/1389/137 1077/1390/137 1078/1391/137 1079/1392/137 1080/1393/137 1050/1394/137
f 1029/1341/127 1030/1342/127 1062/1377/127 1061/1376/127
f 1043/1334/128 1044/1343/128 1076/1389/128 1075/1335/128
f 1030/1342/129 1031/1344/129 1063/1378/129 1062/1377/129
f 1018/1346/130 1017/1345/130 1049/1365/130 1050/1394/130
f 1044/1343/131 1045/1347/131 1077/1390/131 1076/1389/131
f 1031/1344/132 1032/1348/132 1064/1379/132 1063/1378/132
f 1017/1345/133 1019/1349/133 1051/1366/133 1049/1365/133
f 1045/1347/134 1046/1350/134 1078/1391/134 1077/1390/134
f 1032/1348/135 1033/1351/135 1065/1380/135 1064/1379/135
f 1019/1349/136 1020/1352/136 1052/1367/136 1051/1366/136
f 1046/1350/105 1047/1353/105 1079/1392/105 1078/1391/105
f 1033/1351/106 1034/1354/106 1066/1381/106 1065/1380/106
f 1020/1352/107 1021/1355/107 1053/1368/107 1052/1367/107
f 1047/1353/108 1048/1356/108 1080/1393/108 1079/1392/108
f 1034/1354/109 1035/1357/109 1067/1382/109 1066/1381/109
f 1021/1355/110 1022/1358/110 1054/1369/110 1053/1368/110
f 1048/1356/111 1018/1346/111 1050/1394/111 1080/1393/111
f 1035/1357/112 1036/1359/112 1068/1383/112 1067/1382/112
f 1022/1358/113 1023/1360/113 1055/1370/113 1054/1369/113
f 1036/1359/114 1037/1361/114 1069/1384/114 1068/1383/114
f 1023/1360/115 1024/1362/115 1056/1371/115 1055/1370/115
f 1037/1361/116 1038/1363/116 1070/1385/116 1069/1384/116
f 1024/1362/117 1025/1364/117 1057/1372/117 1056/1371/117
f 1038/1363/118 1039/1270/118 1071/1386/118 1070/1385/118
f 1025/1364/119 1026/1338/119 1058/1373/119 1057/1372/119
f 1039/1270/120 1040/1269/120 1072/1387/120 1071/1386/120
f 1026/1338/121 1027/1337/121 1059/1374/121 1058/1373/121
f 1040/1269/122 1041/1339/122 1073/1388/122 1072/1387/122
f 1027/1337/123 1028/1340/123 1060/1375/123 1059/1374/123
f 1041/1339/124 1042/1333/124 1074/1336/124 1073/1388/124
f 1028/1340/125 1029/1341/125 1061/1376/125 1060/1375/125
f 1082/1395/103 1081/1396/103 1112/1397/103 1111/1398/103 1110/1399/103 1109/1400/103 1108/1401/103 1107/1402/103 1106/1403/103 1105/1404/103 1104/1405/103 1103/1406/103 1102/1407/103 1101/1408/103 1100/1409/103 1099/1410/103 1098/1411/103 1097/1412/103 1096/1413/103 1095/1414/103 1094/1415/103 1093/1416/103 1092/1417/103 1091/1418/103 1090/1419/103 1089/1420/103 1088/1421/103 1087/1422/103 1086/1423/103 1085/1424/103 1084/1425/103 1083/1426/103
f 1135/1427/104 1136/1428/104 1200/1429/104 1199/1430/104
f 1110/1431/129 1111/1432/129 1175/1433/129 1174/1434/129
f 1097/1435/130 1098/1436/130 1162/1437/130 1161/1438/130
f 1084/1439/114 1085/1440/114 1149/1441/114 1148/1442/114
f 1111/1432/132 1112/1443/132 1176/1444/132 1175/1433/132
f 1098/1436/133 1099/1445/133 1163/1446/133 1162/1437/133
f 1085/1440/116 1086/1447/116 1150/1448/116 1149/1441/116
f 1112/1443/135 1081/1449/135 1146/1450/135 1176/1444/135
f 1099/1445/136 1100/1451/136 1164/1452/136 1163/1446/136
f 1086/1447/118 1087/1453/118 1151/1454/118 1150/1448/118
f 1100/1451/107 1101/1455/107 1165/1456/107 1164/1452/107
f 1087/1453/120 1088/1457/120 1152/1458/120 1151/1454/120
f 1101/1455/110 1102/1459/110 1166/1460/110 1165/1456/110
f 1088/1457/122 1089/1461/122 1153/1462/122 1152/1458/122
f 1102/1459/113 1103/1463/113 1167/1464/113 1166/1460/113
f 1089/1461/124 1090/1465/124 1154/1466/124 1153/1462/124
f 1103/1463/115 1104/1467/115 1168/1468/115 1167/1464/115
f 1090/1465/126 1091/1469/126 1155/1470/126 1154/1466/126
f 1104/1467/117 1105/1471/117 1169/1472/117 1168/1468/117
f 1091/1469/128 1092/1473/128 1156/1474/128 1155/1470/128
f 1105/1471/119 1106/1475/119 1170/1476/119 1169/1472/119
f 1092/1473/131 1093/1477/131 1157/1478/131 1156/1474/131
f 1106/1475/121 1107/1479/121 1171/1480/121 1170/1476/121
f 1093/1477/134 1094/1481/134 1158/1482/134 1157/1478/134
f 1107/1479/123 1108/1483/123 1172/1484/123 1171/1480/123
f 1094/1481/105 1095/1485/105 1159/1486/105 1158/1482/105
f 1081/1487/106 1082/1488/106 1145/1489/106 1146/1490/106
f 1108/1483/125 1109/1491/125 1173/1492/125 1172/1484/125
f 1095/1493/108 1096/1494/108 1160/1495/108 1159/1496/108
f 1082/1488/109 1083/1497/109 1147/1498/109 1145/1489/109
f 1109/1491/127 1110/1431/127 1174/1434/127 1173/1492/127
f 1096/1494/111 1097/1435/111 1161/1438/111 1160/1495/111
f 1083/1497/112 1084/1439/112 1148/1442/112 1147/1498/112
f 1113/1499/137 1114/1500/137 1146/1501/137 1145/1502/137
f 1115/1503/137 1113/1499/137 1145/1502/137 1147/1504/137
f 1116/1505/137 1115/1503/137 1147/1504/137 1148/1506/137
f 1117/1507/137 1116/1505/137 1148/1506/137 1149/1508/137
f 1118/1509/137 1117/1507/137 1149/1508/137 1150/1510/137
f 1119/1511/137 1118/1509/137 1150/1510/137 1151/1512/137
f 1120/1513/137 1119/1511/137 1151/1512/137 1152/1514/137
f 1121/1515/137 1120/1513/137 1152/1514/137 1153/1516/137
f 1122/1517/137 1121/1515/137 1153/1516/137 1154/1518/137
f 1123/1519/137 1122/1517/137 1154/1518/137 1155/1520/137
f 1124/1521/137 1123/1519/137 1155/1520/137 1156/1522/137
f 1125/1523/137 1124/1521/137 1156/1522/137 1157/1524/137
f 1126/1525/137 1125/1523/137 1157/1524/137 1158/1526/137
f 1127/1527/137 1126/1525/137 1158/1526/137 1159/1528/137
f 1128/1529/137 1127/1530/137 1159/1531/137 1160/1532/137
f 1129/1533/137 1128/1529/137 1160/1532/137 1161/1534/137
f 1130/1535/137 1129/1533/137 1161/1534/137 1162/1536/137
f 1131/1537/137 1130/1535/137 1162/1536/137 1163/1538/137
f 1132/1539/137 1131/1537/137 1163/1538/137 1164/1540/137
f 1133/1541/137 1132/1539/137 1164/1540/137 1165/1542/137
f 1134/1543/137 1133/1541/137 1165/1542/137 1166/1544/137
f 1135/1427/137 1134/1543/137 1166/1544/137 1167/1545/137
f 1136/1428/137 1135/1427/137 1167/1545/137 1168/1546/137
f 1137/1547/137 1136/1428/137 1168/1546/137 1169/1548/137
f 1138/1549/137 1137/1547/137 1169/1548/137 1170/1550/137
f 1139/1551/137 1138/1549/137 1170/1550/137 1171/1552/137
f 1140/1553/137 1139/1551/137 1171/1552/137 1172/1554/137
f 1141/1555/137 1140/1553/137 1172/1554/137 1173/1556/137
f 1142/1557/137 1141/1555/137 1173/1556/137 1174/1558/137
f 1143/1559/137 1142/1557/137 1174/1558/137 1175/1560/137
f 1144/1561/137 1143/1559/137 1175/1560/137 1176/1562/137
f 1114/1500/137 1144/1561/137 1176/1562/137 1146/1501/137
f 1202/1563/126 1203/1564/126 1235/1565/126 1234/1566/126
f 1122/1517/104 1123/1519/104 1187/1567/104 1186/1568/104
f 1136/1428/104 1137/1547/104 1201/1569/104 1200/1429/104
f 1123/1519/104 1124/1521/104 1188/1570/104 1187/1567/104
f 1137/1547/104 1138/1549/104 1202/1571/104 1201/1569/104
f 1124/1521/104 1125/1523/104 1189/1572/104 1188/1570/104
f 1138/1549/104 1139/1551/104 1203/1573/104 1202/1571/104
f 1125/1523/104 1126/1525/104 1190/1574/104 1189/1572/104
f 1139/1551/104 1140/1553/104 1204/1575/104 1203/1573/104
f 1126/1525/104 1127/1527/104 1191/1576/104 1190/1574/104
f 1114/1500/104 1113/1499/104 1177/1577/104 1178/1578/104
f 1140/1553/104 1141/1555/104 1205/1579/104 1204/1575/104
f 1127/1530/104 1128/1529/104 1192/1580/104 1191/1581/104
f 1113/1499/104 1115/1503/104 1179/1582/104 1177/1577/104
f 1141/1555/104 1142/1557/104 1206/1583/104 1205/1579/104
f 1128/1529/104 1129/1533/104 1193/1584/104 1192/1580/104
f 1115/1503/104 1116/1505/104 1180/1585/104 1179/1582/104
f 1142/1557/104 1143/1559/104 1207/1586/104 1206/1583/104
f 1129/1533/104 1130/1535/104 1194/1587/104 1193/1584/104
f 1116/1505/104 1117/1507/104 1181/1588/104 1180/1585/104
f 1143/1559/104 1144/1561/104 1208/1589/104 1207/1586/104
f 1130/1535/104 1131/1537/104 1195/1590/104 1194/1587/104
f 1117/1507/104 1118/1509/104 1182/1591/104 1181/1588/104
f 1144/1561/104 1114/1500/104 1178/1578/104 1208/1589/104
f 1131/1537/104 1132/1539/104 1196/1592/104 1195/1590/104
f 1118/1509/104 1119/1511/104 1183/1593/104 1182/1591/104
f 1132/1539/104 1133/1541/104 1197/1594/104 1196/1592/104
f 1119/1511/104 1120/1513/104 1184/1595/104 1183/1593/104
f 1133/1541/104 1134/1543/104 1198/1596/104 1197/1594/104
f 1120/1513/104 1121/1515/104 1185/1597/104 1184/1595/104
f 1134/1543/104 1135/1427/104 1199/1430/104 1198/1596/104
f 1121/1515/104 1122/1517/104 1186/1568/104 1185/1597/104
f 1209/1598/137 1211/1599/137 1212/1600/137 1213/1601/137 1214/1602/137 1215/1603/137 1216/1604/137 1217/1605/137 1218/1606/137 1219/1607/137 1220/1608/137 1221/1609/137 1222/1610/137 1223/1611/137 1224/1612/137 1225/1613/137 1226/1614/137 1227/1615/137 1228/1616/137 1229/1617/137 1230/1618/137 1231/1619/137 1232/1620/137 1233/1621/137 1234/1622/137 1235/1623/137 1236/1624/137 1237/1625/137 1238/1626/137 1239/1627/137 1240/1628/137 1210/1629/137
f 1189/1630/127 1190/1631/127 1222/1632/127 1221/1633/127
f 1203/1564/128 1204/1634/128 1236/1635/128 1235/1565/128
f 1190/1631/129 1191/1636/129 1223/1637/129 1222/1632/129
f 1178/1638/130 1177/1639/130 1209/1640/130 1210/1641/130
f 1204/1634/131 1205/1642/131 1237/1643/131 1236/1635/131
f 1191/1644/132 1192/1645/132 1224/1646/132 1223/1647/132
f 1177/1639/133 1179/1648/133 1211/1649/133 1209/1640/133
f 1205/1642/134 1206/1650/134 1238/1651/134 1237/1643/134
f 1192/1645/135 1193/1652/135 1225/1653/135 1224/1646/135
f 1179/1648/136 1180/1654/136 1212/1655/136 1211/1649/136
f 1206/1650/105 1207/1656/105 1239/1657/105 1238/1651/105
f 1193/1652/106 1194/1658/106 1226/1659/106 1225/1653/106
f 1180/1654/107 1181/1660/107 1213/1661/107 1212/1655/107
f 1207/1656/108 1208/1662/108 1240/1663/108 1239/1657/108
f 1194/1658/109 1195/1664/109 1227/1665/109 1226/1659/109
f 1181/1660/110 1182/1666/110 1214/1667/110 1213/1661/110
f 1208/1662/111 1178/1638/111 1210/1641/111 1240/1663/111
f 1195/1664/112 1196/1668/112 1228/1669/112 1227/1665/112
f 1182/1666/113 1183/1670/113 1215/1671/113 1214/1667/113
f 1196/1668/114 1197/1672/114 1229/1673/114 1228/1669/114
f 1183/1670/115 1184/1674/115 1216/1675/115 1215/1671/115
f 1197/1672/116 1198/1676/116 1230/1677/116 1229/1673/116
f 1184/1674/117 1185/1678/117 1217/1679/117 1216/1675/117
f 1198/1676/118 1199/1680/118 1231/1681/118 1230/1677/118
f 1185/1678/119 1186/1682/119 1218/1683/119 1217/1679/119
f 1199/1680/120 1200/1684/120 1232/1685/120 1231/1681/120
f 1186/1682/121 1187/1686/121 1219/1687/121 1218/1683/121
f 1200/1684/122 1201/1688/122 1233/1689/122 1232/1685/122
f 1187/1686/123 1188/1690/123 1220/1691/123 1219/1687/123
f 1201/1688/124 1202/1563/124 1234/1566/124 1233/1689/124
f 1188/1690/125 1189/1630/125 1221/1633/125 1220/1691/125
f 1242/1692/103 1243/1693/103 1244/1694/103 1245/1695/103 1246/1696/103 1247/1697/103 1248/1698/103 1249/1699/103 1250/1700/103 1251/1701/103 1252/1702/103 1253/1703/103 1254/1704/103 1255/1705/103 1256/1706/103 1257/1707/103 1258/1708/103 1259/1709/103 1260/1710/103 1261/1711/103 1262/1712/103 1263/1713/103 1264/1714/103 1265/1715/103 1266/1716/103 1267/1717/103 1268/1718/103 1269/1719/103 1270/1720/103 1271/1721/103 1272/1722/103 1241/1723/103
f 1295/1724/104 1359/1725/104 1360/1726/104 1296/1727/104
f 1270/1728/112 1334/1729/112 1335/1730/112 1271/1731/112
f 1257/1732/111 1321/1733/111 1322/1734/111 1258/1735/111
f 1244/1736/127 1308/1737/127 1309/1738/127 1245/1739/127
f 1271/1731/109 1335/1730/109 1336/1740/109 1272/1741/109
f 1258/1735/108 1322/1734/108 1323/1742/108 1259/1743/108
f 1245/1739/125 1309/1738/125 1310/1744/125 1246/1745/125
f 1272/1741/106 1336/1740/106 1306/1746/106 1241/1747/106
f 1259/1743/105 1323/1742/105 1324/1748/105 1260/1749/105
f 1246/1745/123 1310/1744/123 1311/1750/123 1247/1751/123
f 1260/1749/134 1324/1748/134 1325/1752/134 1261/1753/134
f 1247/1751/121 1311/1750/121 1312/1754/121 1248/1755/121
f 1261/1753/131 1325/1752/131 1326/1756/131 1262/1757/131
f 1248/1755/119 1312/1754/119 1313/1758/119 1249/1759/119
f 1262/1757/128 1326/1756/128 1327/1760/128 1263/1761/128
f 1249/1759/117 1313/1758/117 1314/1762/117 1250/1763/117
f 1263/1761/126 1327/1760/126 1328/1764/126 1264/1765/126
f 1250/1763/115 1314/1762/115 1315/1766/115 1251/1767/115
f 1264/1765/124 1328/1764/124 1329/1768/124 1265/1769/124
f 1251/1767/113 1315/1766/113 1316/1770/113 1252/1771/113
f 1265/1769/122 1329/1768/122 1330/1772/122 1266/1773/122
f 1252/1771/110 1316/1770/110 1317/1774/110 1253/1775/110
f 1266/1773/120 1330/1772/120 1331/1776/120 1267/1777/120
f 1253/1775/107 1317/1774/107 1318/1778/107 1254/1779/107
f 1267/1777/118 1331/1776/118 1332/1780/118 1268/1781/118
f 1254/1779/136 1318/1778/136 1319/1782/136 1255/1783/136
f 1241/1747/135 1306/1746/135 1305/1784/135 1242/1785/135
f 1268/1781/116 1332/1780/116 1333/1786/116 1269/1787/116
f 1255/1783/133 1319/1782/133 1320/1788/133 1256/1789/133
f 1242/1785/132 1305/1784/132 1307/1790/132 1243/1791/132
f 1269/1787/114 1333/1786/114 1334/1729/114 1270/1728/114
f 1256/1789/130 1320/1788/130 1321/1733/130 1257/1732/130
f 1243/1792/129 1307/1793/129 1308/1737/129 1244/1736/129
f 1273/1794/137 1305/1795/137 1306/1796/137 1274/1797/137
f 1275/1798/137 1307/1799/137 1305/1795/137 1273/1794/137
f 1276/1800/137 1308/1801/137 1307/1799/137 1275/1798/137
f 1277/1802/137 1309/1803/137 1308/1801/137 1276/1800/137
f 1278/1804/137 1310/1805/137 1309/1803/137 1277/1802/137
f 1279/1806/137 1311/1807/137 1310/1805/137 1278/1804/137
f 1280/1808/137 1312/1809/137 1311/1807/137 1279/1806/137
f 1281/1810/137 1313/1811/137 1312/1809/137 1280/1808/137
f 1282/1812/137 1314/1813/137 1313/1811/137 1281/1810/137
f 1283/1814/137 1315/1815/137 1314/1813/137 1282/1812/137
f 1284/1816/137 1316/1817/137 1315/1815/137 1283/1814/137
f 1285/1818/137 1317/1819/137 1316/1817/137 1284/1816/137
f 1286/1820/137 1318/1821/137 1317/1819/137 1285/1818/137
f 1287/1822/137 1319/1823/137 1318/1821/137 1286/1820/137
f 1288/1824/137 1320/1825/137 1319/1823/137 1287/1822/137
f 1289/1826/137 1321/1827/137 1320/1825/137 1288/1824/137
f 1290/1828/137 1322/1829/137 1321/1827/137 1289/1826/137
f 1291/1830/137 1323/1831/137 1322/1829/137 1290/1828/137
f 1292/1832/137 1324/1833/137 1323/1831/137 1291/1830/137
f 1293/1834/137 1325/1835/137 1324/1833/137 1292/1832/137
f 1294/1836/137 1326/1837/137 1325/1835/137 1293/1834/137
f 1295/1724/137 1327/1838/137 1326/1837/137 1294/1836/137
f 1296/1727/137 1328/1839/137 1327/1838/137 1295/1724/137
f 1297/1840/137 1329/1841/137 1328/1839/137 1296/1727/137
f 1298/1842/137 1330/1843/137 1329/1841/137 1297/1840/137
f 1299/1844/137 1331/1845/137 1330/1843/137 1298/1842/137
f 1300/1846/137 1332/1847/137 1331/1845/137 1299/1844/137
f 1301/1848/137 1333/1849/137 1332/1847/137 1300/1846/137
f 1302/1850/137 1334/1851/137 1333/1849/137 1301/1848/137
f 1303/1852/137 1335/1853/137 1334/1851/137 1302/1850/137
f 1304/1854/137 1336/1855/137 1335/1853/137 1303/1852/137
f 1274/1797/137 1306/1796/137 1336/1855/137 1304/1854/137
f 1362/1856/115 1394/1857/115 1395/1858/115 1363/1859/115
f 1282/1812/104 1346/1860/104 1347/1861/104 1283/1814/104
f 1296/1727/104 1360/1726/104 1361/1862/104 1297/1840/104
f 1283/1814/104 1347/1861/104 1348/1863/104 1284/1816/104
f 1297/1840/104 1361/1862/104 1362/1864/104 1298/1842/104
f 1284/1816/104 1348/1863/104 1349/1865/104 1285/1818/104
f 1298/1842/104 1362/1864/104 1363/1866/104 1299/1844/104
f 1285/1818/104 1349/1865/104 1350/1867/104 1286/1820/104
f 1299/1844/104 1363/1866/104 1364/1868/104 1300/1846/104
f 1286/1820/104 1350/1867/104 1351/1869/104 1287/1822/104
f 1274/1797/104 1338/1870/104 1337/1871/104 1273/1794/104
f 1300/1846/104 1364/1868/104 1365/1872/104 1301/1848/104
f 1287/1822/104 1351/1869/104 1352/1873/104 1288/1824/104
f 1273/1794/104 1337/1871/104 1339/1874/104 1275/1798/104
f 1301/1848/104 1365/1872/104 1366/1875/104 1302/1850/104
f 1288/1824/104 1352/1873/104 1353/1876/104 1289/1826/104
f 1275/1798/104 1339/1874/104 1340/1877/104 1276/1800/104
f 1302/1850/104 1366/1875/104 1367/1878/104 1303/1852/104
f 1289/1826/104 1353/1876/104 1354/1879/104 1290/1828/104
f 1276/1800/104 1340/1877/104 1341/1880/104 1277/1802/104
f 1303/1852/104 1367/1878/104 1368/1881/104 1304/1854/104
f 1290/1828/104 1354/1879/104 1355/1882/104 1291/1830/104
f 1277/1802/104 1341/1880/104 1342/1883/104 1278/1804/104
f 1304/1854/104 1368/1881/104 1338/1870/104 1274/1797/104
f 1291/1830/104 1355/1882/104 1356/1884/104 1292/1832/104
f 1278/1804/104 1342/1883/104 1343/1885/104 1279/1806/104
f 1292/1832/104 1356/1884/104 1357/1886/104 1293/1834/104
f 1279/1806/104 1343/1885/104 1344/1887/104 1280/1808/104
f 1293/1834/104 1357/1886/104 1358/1888/104 1294/1836/104
f 1280/1808/104 1344/1887/104 1345/1889/104 1281/1810/104
f 1294/1836/104 1358/1888/104 1359/1725/104 1295/1724/104
f 1281/1810/104 1345/1889/104 1346/1860/104 1282/1812/104
f 1369/1890/137 1370/1891/137 1400/1892/137 1399/1893/137 1398/1894/137 1397/1895/137 1396/1896/137 1395/1897/137 1394/1898/137 1393/1899/137 1392/1900/137 1391/1901/137 1390/1902/137 1389/1903/137 1388/1904/137 1387/1905/137 1386/1906/137 1385/1907/137 1384/1908/137 1383/1909/137 1382/1910/137 1381/1911/137 1380/1912/137 1379/1913/137 1378/1914/137 1377/1915/137 1376/1916/137 1375/1917/137 1374/1918/137 1373/1919/137 1372/1920/137 1371/1921/137
f 1349/1922/114 1381/1923/114 1382/1924/114 1350/1925/114
f 1363/1859/113 1395/1858/113 1396/1926/113 1364/1927/113
f 1350/1925/112 1382/1924/112 1383/1928/112 1351/1929/112
f 1338/1930/111 1370/1931/111 1369/1932/111 1337/1933/111
f 1364/1927/110 1396/1926/110 1397/1934/110 1365/1935/110
f 1351/1929/109 1383/1928/109 1384/1936/109 1352/1937/109
f 1337/1933/108 1369/1932/108 1371/1938/108 1339/1939/108
f 1365/1935/107 1397/1934/107 1398/1940/107 1366/1941/107
f 1352/1937/106 1384/1936/106 1385/1942/106 1353/1943/106
f 1339/1939/105 1371/1938/105 1372/1944/105 1340/1945/105
f 1366/1941/136 1398/1940/136 1399/1946/136 1367/1947/136
f 1353/1943/135 1385/1942/135 1386/1948/135 1354/1949/135
f 1340/1945/134 1372/1944/134 1373/1950/134 1341/1951/134
f 1367/1947/133 1399/1946/133 1400/1952/133 1368/1953/133
f 1354/1949/132 1386/1948/132 1387/1954/132 1355/1955/132
f 1341/1951/131 1373/1950/131 1374/1956/131 1342/1957/131
f 1368/1953/130 1400/1952/130 1370/1931/130 1338/1930/130
f 1355/1955/129 1387/1954/129 1388/1958/129 1356/1959/129
f 1342/1957/128 1374/1956/128 1375/1960/128 1343/1961/128
f 1356/1962/127 1388/1963/127 1389/1964/127 1357/1965/127
f 1343/1961/126 1375/1960/126 1376/1966/126 1344/1967/126
f 1357/1965/125 1389/1964/125 1390/1968/125 1358/1969/125
f 1344/1967/124 1376/1966/124 1377/1970/124 1345/1971/124
f 1358/1969/123 1390/1968/123 1391/1972/123 1359/1973/123
f 1345/1971/122 1377/1970/122 1378/1974/122 1346/1975/122
f 1359/1973/121 1391/1972/121 1392/1976/121 1360/1977/121
f 1346/1975/120 1378/1974/120 1379/1978/120 1347/1979/120
f 1360/1977/119 1392/1976/119 1393/1980/119 1361/1981/119
f 1347/1979/118 1379/1978/118 1380/1982/118 1348/1983/118
f 1361/1981/117 1393/1980/117 1394/1857/117 1362/1856/117
f 1348/1983/116 1380/1982/116 1381/1923/116 1349/1922/116
o table_frame_Plane.001
v 0.650665 1.779685 1.460000
v 0.700000 1.779685 1.357100
v 0.675332 1.779685 1.446214
v 0.693390 1.779685 1.408550
v -0.700000 1.779685 1.357100
v -0.650665 1.779685 1.460000
v -0.693390 1.779685 1.408550
v -0.675332 1.779685 1.446214
v 0.700000 1.779685 -1.357100
v 0.650665 1.779685 -1.460000
v 0.693390 1.779685 -1.408550
v 0.675332 1.779685 -1.446214
v -0.650665 1.779685 -1.460000
v -0.700000 1.779685 -1.357100
v -0.675332 1.779685 -1.446214
v -0.693390 1.779685 -1.408550
v 0.648439 1.649685 -1.424738
v 0.683094 1.649685 -1.352458
v 0.666581 1.649685 -1.414599
v 0.678232 1.649685 -1.390297
v 0.683094 1.649685 1.352458
v 0.648439 1.649685 1.424738
v 0.678232 1.649685 1.390297
v 0.666581 1.649685 1.414599
v -0.648439 1.649685 1.424738
v -0.683094 1.649685 1.352458
v -0.666581 1.649685 1.414599
v -0.678232 1.649685 1.390297
v -0.683094 1.649685 -1.352458
v -0.648439 1.649685 -1.424738
v -0.678232 1.649685 -1.390297
v -0.666581 1.649685 -1.414599
v -0.650665 1.649685 -1.460000
v -0.675332 1.649685 -1.446214
v -0.693390 1.649685 -1.408550
v -0.700000 1.649685 -1.357100
v -0.675332 1.649685 1.446214
v -0.650665 1.649685 1.460000
v -0.693390 1.649685 1.408550
v -0.700000 1.649685 1.357100
v 0.650665 1.649685 1.460000
v 0.675332 1.649685 1.446214
v 0.693390 1.649685 1.408550
v 0.700000 1.649685 1.357100
v 0.675332 1.649685 -1.446214
v 0.650665 1.649685 -1.460000
v 0.693390 1.649685 -1.408550
v 0.700000 1.649685 -1.357100
v -0.650665 1.649685 -1.460000
v -0.675332 1.649685 -1.446214
v -0.693390 1.649685 -1.408550
v -0.700000 1.649685 -1.357100
v -0.675332 1.649685 1.446214
v -0.650665 1.649685 1.460000
v -0.693390 1.649685 1.408550
v -0.700000 1.649685 1.357100
v 0.650665 1.649685 1.460000
v 0.675332 1.649685 1.446214
v 0.693390 1.649685 1.408550
v 0.700000 1.649685 1.357100
v 0.675332 1.649685 -1.446214
v 0.650665 1.649685 -1.460000
v 0.693390 1.649685 -1.408550
v 0.700000 1.649685 -1.357100
v -0.648439 1.649685 -1.424738
v -0.666581 1.649685 -1.414599
v -0.678232 1.649685 -1.390297
v -0.683094 1.649685 -1.352458
v -0.666581 1.649685 1.414599
v -0.648439 1.649685 1.424738
v -0.678232 1.649685 1.390297
v -0.683094 1.649685 1.352458
v 0.648439 1.649685 1.424738
v 0.666581 1.649685 1.414599
v 0.678232 1.649685 1.390297
v 0.683094 1.649685 1.352458
v 0.666581 1.649685 -1.414599
v 0.648439 1.649685 -1.424738
v 0.678232 1.649685 -1.390297
v 0.683094 1.649685 -1.352458
v -0.648439 1.745845 -1.424738
v -0.666581 1.745845 -1.414599
v -0.678232 1.745845 -1.390297
v -0.683094 1.745845 -1.352458
v -0.666581 1.745845 1.414599
v -0.648439 1.745845 1.424738
v -0.678232 1.745845 1.390297
v -0.683094 1.745845 1.352458
v 0.648439 1.745845 1.424738
v 0.666581 1.745845 1.414599
v 0.678232 1.745845 1.390297
v 0.683094 1.745845 1.352458
v 0.666581 1.745845 -1.414599
v 0.648439 1.745845 -1.424738
v 0.678232 1.745845 -1.390297
v 0.683094 1.745845 -1.352458
vt 0.561942 0.072283
vt 0.561942 0.283730
vt 0.541857 0.266529
vt 0.542450 0.089251
vt 0.038556 0.281789
vt 0.000147 0.034494
vt 0.025081 0.037120
vt 0.060318 0.257991
vt 0.760934 0.301418
vt 0.765092 0.303742
vt 0.768137 0.310091
vt 0.769251 0.318765
vt 0.769251 0.776317
vt 0.768137 0.784991
vt 0.765092 0.791340
vt 0.760934 0.793664
vt 0.541559 0.793664
vt 0.537401 0.791340
vt 0.534357 0.784991
vt 0.533243 0.776317
vt 0.533243 0.318765
vt 0.534357 0.310091
vt 0.537401 0.303742
vt 0.541559 0.301418
vt 0.017161 0.326025
vt 0.024950 0.559324
vt 0.026224 0.560027
vt 0.017946 0.325900
vt 0.539239 0.300675
vt 0.065548 0.301124
vt 0.081875 0.274053
vt 0.526280 0.277577
vt 0.064611 0.264693
vt 0.044211 0.287156
vt 0.071719 0.270243
vt 0.053288 0.294200
vt 0.557562 0.288362
vt 0.539947 0.271226
vt 0.549850 0.294570
vt 0.534611 0.274935
vt 0.539407 0.084443
vt 0.557749 0.067540
vt 0.534119 0.080606
vt 0.550699 0.061005
vt 0.526831 0.077589
vt 0.540728 0.054084
vt 0.000761 0.028789
vt 0.027003 0.031614
vt 0.018326 0.005340
vt 0.026790 0.002732
vt 0.033690 0.027331
vt 0.037687 0.000147
vt 0.043201 0.025055
vt 0.060469 0.257934
vt 0.064720 0.264588
vt 0.071799 0.270090
vt 0.081909 0.273859
vt 0.539866 0.271158
vt 0.541765 0.266512
vt 0.534552 0.274813
vt 0.526256 0.277413
vt 0.542337 0.089283
vt 0.539329 0.084520
vt 0.534061 0.080716
vt 0.526797 0.077726
vt 0.027100 0.031696
vt 0.025188 0.037128
vt 0.033752 0.027480
vt 0.043213 0.025240
vt 0.519644 0.552323
vt 0.517403 0.554183
vt 0.517456 0.552302
vt 0.517314 0.550735
vt 0.514376 0.555687
vt 0.514604 0.553629
vt 0.509126 0.557135
vt 0.508306 0.554694
vt 0.027144 0.561455
vt 0.027638 0.557383
vt 0.027401 0.559448
vt 0.030079 0.563098
vt 0.029869 0.561204
vt 0.035363 0.564440
vt 0.036122 0.562005
vt 0.020266 0.322027
vt 0.021093 0.325789
vt 0.020417 0.328176
vt 0.025839 0.319720
vt 0.025409 0.323076
vt 0.033365 0.318802
vt 0.033285 0.321782
vt 0.517448 0.325245
vt 0.519611 0.327169
vt 0.517158 0.328763
vt 0.517402 0.327072
vt 0.514501 0.323730
vt 0.514734 0.325680
vt 0.509275 0.322347
vt 0.508459 0.324757
vt 0.027261 0.561311
vt 0.015622 0.570208
vt 0.011421 0.564114
vt 0.019733 0.321621
vt 0.510127 0.556754
vt 0.034354 0.564062
vt 0.025757 0.320086
vt 0.518423 0.552917
vt 0.517308 0.554031
vt 0.518414 0.326562
vt 0.033099 0.319005
vt 0.514639 0.555445
vt 0.517353 0.325408
vt 0.514755 0.323994
vt 0.510296 0.322762
vt 0.029859 0.562826
vt 0.769545 0.313603
vt 0.770364 0.307224
vt 0.772328 0.303127
vt 0.775387 0.301418
vt 0.994011 0.301418
vt 0.997069 0.303127
vt 0.999034 0.307224
vt 0.999853 0.313603
vt 0.999853 0.769590
vt 0.999034 0.775969
vt 0.997069 0.780066
vt 0.994011 0.781775
vt 0.775387 0.781775
vt 0.772328 0.780066
vt 0.770364 0.775969
vt 0.769545 0.769590
vt 0.513916 0.307261
vt 0.522947 0.311554
vt 0.021856 0.575600
vt 0.032737 0.301487
vt 0.031088 0.579705
vt 0.000250 0.326333
vt 0.000147 0.322100
vt 0.513823 0.572317
vt 0.019426 0.301504
vt 0.025064 0.301418
vt 0.532949 0.556305
vt 0.528951 0.562479
vt 0.532949 0.323199
vt 0.522899 0.567994
vt 0.528968 0.317047
vn 0.0000 0.0000 1.0000
vn 0.0000 0.0000 -1.0000
vn 0.0000 1.0000 0.0000
vn -1.0000 0.0000 0.0000
vn -0.4879 0.0000 -0.8729
vn -0.9017 0.0000 -0.4323
vn -0.9918 0.0000 -0.1274
vn -0.4879 0.0000 0.8729
vn -0.9017 0.0000 0.4323
vn -0.9918 0.0000 0.1274
vn 0.4879 0.0000 0.8729
vn 0.9017 0.0000 0.4323
vn 0.9918 0.0000 0.1274
vn 0.4879 0.0000 -0.8729
vn 0.9017 0.0000 -0.4323
vn 0.9918 0.0000 -0.1274
vn 1.0000 0.0000 0.0000
vn 0.0000 -1.0000 0.0000
g table_frame_Plane.001_tableleg
usemtl tableleg
s off
f 1401/1984/138 1406/1985/138 1438/1986/138 1441/1987/138
f 1413/1988/139 1410/1989/139 1446/1990/139 1433/1991/139
f 1401/1992/140 1403/1993/140 1404/1994/140 1402/1995/140 1409/1996/140 1411/1997/140 1412/1998/140 1410/1999/140 1413/2000/140 1415/2001/140 1416/2002/140 1414/2003/140 1405/2004/140 1407/2005/140 1408/2006/140 1406/2007/140
f 1422/2008/138 1425/2009/138 1470/2010/138 1473/2011/138
f 1405/2012/141 1414/2013/141 1436/2014/141 1440/2015/141
f 1413/1988/142 1433/1991/142 1434/2016/142 1415/2017/142
f 1415/2017/143 1434/2016/143 1435/2018/143 1416/2019/143
f 1416/2019/144 1435/2018/144 1436/2014/144 1414/2013/144
f 1438/1986/145 1406/1985/145 1408/2020/145 1437/2021/145
f 1437/2021/146 1408/2020/146 1407/2022/146 1439/2023/146
f 1439/2023/147 1407/2022/147 1405/2012/147 1440/2015/147
f 1401/1984/148 1441/1987/148 1442/2024/148 1403/2025/148
f 1403/2025/149 1442/2024/149 1443/2026/149 1404/2027/149
f 1404/2027/150 1443/2026/150 1444/2028/150 1402/2029/150
f 1446/1990/151 1410/1989/151 1412/2030/151 1445/2031/151
f 1445/2031/152 1412/2032/152 1411/2033/152 1447/2034/152
f 1447/2034/153 1411/2033/153 1409/2035/153 1448/2036/153
f 1409/2035/154 1402/2029/154 1444/2028/154 1448/2036/154
f 1449/2037/138 1450/2038/138 1434/2016/138 1433/1991/138
f 1450/2038/138 1451/2039/138 1435/2018/138 1434/2016/138
f 1451/2039/138 1452/2040/138 1436/2014/138 1435/2018/138
f 1453/2041/138 1454/2042/138 1438/1986/138 1437/2021/138
f 1455/2043/138 1453/2041/138 1437/2021/138 1439/2023/138
f 1456/2044/138 1455/2043/138 1439/2023/138 1440/2015/138
f 1457/2045/138 1458/2046/138 1442/2024/138 1441/1987/138
f 1458/2046/138 1459/2047/138 1443/2026/138 1442/2024/138
f 1459/2047/138 1460/2048/138 1444/2028/138 1443/2026/138
f 1461/2049/138 1462/2050/138 1446/1990/138 1445/2031/138
f 1463/2051/138 1461/2049/138 1445/2031/138 1447/2034/138
f 1464/2052/138 1463/2051/138 1447/2034/138 1448/2036/138
f 1460/2048/138 1464/2052/138 1448/2036/138 1444/2028/138
f 1454/2042/138 1457/2045/138 1441/1987/138 1438/1986/138
f 1452/2040/138 1456/2044/138 1440/2015/138 1436/2014/138
f 1462/2050/138 1449/2037/138 1433/1991/138 1446/1990/138
f 1430/2053/155 1432/2054/155 1450/2055/155 1449/2056/155
f 1432/2054/155 1431/2057/155 1451/2058/155 1450/2055/155
f 1431/2057/155 1429/2059/155 1452/2060/155 1451/2058/155
f 1427/2061/155 1425/2009/155 1454/2062/155 1453/2063/155
f 1428/2064/155 1427/2061/155 1453/2063/155 1455/2065/155
f 1426/2066/155 1428/2064/155 1455/2065/155 1456/2067/155
f 1422/2008/155 1424/2068/155 1458/2069/155 1457/2070/155
f 1424/2068/155 1423/2071/155 1459/2072/155 1458/2069/155
f 1423/2071/155 1421/2073/155 1460/2074/155 1459/2072/155
f 1419/2075/155 1417/2076/155 1462/2077/155 1461/2078/155
f 1420/2079/155 1419/2075/155 1461/2078/155 1463/2080/155
f 1418/2081/155 1420/2079/155 1463/2080/155 1464/2082/155
f 1421/2073/155 1418/2081/155 1464/2082/155 1460/2074/155
f 1425/2009/155 1422/2008/155 1457/2070/155 1454/2062/155
f 1429/2059/155 1426/2066/155 1456/2067/155 1452/2060/155
f 1417/2076/155 1430/2053/155 1449/2056/155 1462/2077/155
f 1470/2010/151 1469/2083/151 1485/2084/151 1486/2085/151
f 1424/2068/138 1422/2008/138 1473/2011/138 1474/2086/138
f 1426/2066/138 1429/2059/138 1468/2087/138 1472/2088/138
f 1423/2071/138 1424/2068/138 1474/2086/138 1475/2089/138
f 1432/2054/138 1430/2053/138 1465/2090/138 1466/2091/138
f 1430/2053/138 1417/2076/138 1478/2092/138 1465/2090/138
f 1421/2073/138 1423/2071/138 1475/2089/138 1476/2093/138
f 1431/2057/138 1432/2054/138 1466/2091/138 1467/2094/138
f 1417/2076/138 1419/2075/138 1477/2095/138 1478/2092/138
f 1429/2059/138 1431/2057/138 1467/2094/138 1468/2087/138
f 1419/2075/138 1420/2079/138 1479/2096/138 1477/2095/138
f 1425/2009/138 1427/2061/138 1469/2083/138 1470/2010/138
f 1420/2079/138 1418/2081/138 1480/2097/138 1479/2096/138
f 1427/2061/138 1428/2064/138 1471/2098/138 1469/2083/138
f 1418/2081/138 1421/2073/138 1476/2093/138 1480/2097/138
f 1428/2064/138 1426/2066/138 1472/2088/138 1471/2098/138
f 1492/2099/155 1491/2100/155 1490/2101/155 1489/2102/155 1486/2103/155 1485/2104/155 1487/2105/155 1488/2106/155 1484/2107/155 1483/2108/155 1482/2109/155 1481/2110/155 1494/2111/155 1493/2112/155 1495/2113/155 1496/2114/155
f 1479/2096/147 1480/2097/147 1496/2115/147 1495/2116/147
f 1469/2083/152 1471/2098/152 1487/2117/152 1485/2084/152
f 1480/2097/141 1476/2093/141 1492/2118/141 1496/2115/141
f 1471/2098/153 1472/2088/153 1488/2119/153 1487/2117/153
f 1473/2011/139 1470/2010/139 1486/2085/139 1489/2120/139
f 1474/2086/142 1473/2011/142 1489/2120/142 1490/2121/142
f 1472/2088/154 1468/2087/154 1484/2122/154 1488/2119/154
f 1475/2089/143 1474/2086/143 1490/2123/143 1491/2124/143
f 1466/2091/148 1465/2090/148 1481/2125/148 1482/2126/148
f 1465/2090/138 1478/2092/138 1494/2127/138 1481/2125/138
f 1476/2093/144 1475/2089/144 1491/2124/144 1492/2118/144
f 1467/2094/149 1466/2091/149 1482/2126/149 1483/2128/149
f 1478/2092/145 1477/2095/145 1493/2129/145 1494/2127/145
f 1468/2087/150 1467/2094/150 1483/2128/150 1484/2122/150
f 1477/2095/146 1479/2096/146 1495/2116/146 1493/2129/146
